HAS_DATA;PREFIXO;EMPRESA;HAS_QTD_LITROS;Tratando_Recalcula;Verifica_QTD_LITROS;HAS_ENCERRANTE_DEPOIS;HAS_ENCERRANTE_ANTES;Recalcula_QTD_LITROS;TANQUE;TER_DATA_ULTIMA_COMUNIC;TER_CODIGO;TER_IDENTIFICACAO_EMPRESA;BOM_CODIGO;CAR_CODIGO_ABASTECEDOR;VEI_CODIGO;VEI_OBSERVACAO;USU_CODIGO;HAS_ODOMETRO;KM_ANT;KM_PERCO
13/01/2025;0002513;27;158;0;ERRO;null;null;null;550;03/07/2025 08:00;7;6;24;1819;2876;null;51;null;null;null
15/01/2025;0002313;27;0;70;ERRO;2320913;2320843;70;310;03/07/2025 07:59;5;5;67;3618;2649;null;95;118018;118018;0
16/01/2025;0002340;27;138;0;ERRO;null;null;null;300;03/07/2025 08:00;7;6;64;1802;2686;null;100;59578;59578;0
17/01/2025;0063007;21;225;119;ERRO;20084207;20084089;119;500;03/07/2025 08:00;3;2;9;null;640;FCI-2378;null;761774;761527;247
17/01/2025;0063010;21;213;0;ERRO;29066678;29066678;0;600;03/07/2025 08:00;1;1;31;null;1530;FFM-2312;null;832333;832333;0
17/01/2025;0063034;21;107;69;ERRO;20084403;20084334;69;600;03/07/2025 08:00;3;2;9;null;1592;FUY-1838;null;742951;742848;103
17/01/2025;0063633;21;43;24;ERRO;14552838;14552814;24;500;03/07/2025 07:59;2;3;4;null;2472;null;null;292472;292408;64
18/01/2025;0063045;21;167;125;ERRO;26251563;26251438;125;600;03/07/2025 08:00;1;1;1;null;1601;FYH-1341;null;755150;754990;160
18/01/2025;0063219;21;163;106;ERRO;13777328;13777222;106;600;03/07/2025 07:59;2;3;28;null;1385;FFN-6694;null;738394;738133;261
18/01/2025;0063216;21;153;103;ERRO;18495263;18495160;103;600;03/07/2025 07:59;2;3;29;4124;1396;FFN-6687;110;776848;776622;226
18/01/2025;0063242;27;138;106;ERRO;6850344;6850239;106;600;03/07/2025 08:00;110;4;62;null;1474;FAW-6069;null;657831;657611;220
18/01/2025;0063025;21;83;16;ERRO;25181703;25181688;16;600;03/07/2025 08:00;3;2;8;null;1545;FHN-7339;null;777213;777213;0
18/01/2025;0063080;21;53;9;ERRO;25174753;25174743;9;600;03/07/2025 08:00;3;2;8;null;1888;EFW-0080;null;639147;639147;0
18/01/2025;0063559;21;45;27;ERRO;10499090;10499063;27;600;03/07/2025 08:00;1;1;51;null;2153;FHO-9067;null;31504;31504;0
18/01/2025;0063286;21;188;117;ERRO;13777730;13777613;117;350;03/07/2025 07:59;2;3;28;null;2783;null;null;578728;578448;280
19/01/2025;0006301;21;482;0;ERRO;null;null;null;275;03/07/2025 07:59;109;10;43;2751;974;EZL-0212;112;228632;228393;239
19/01/2025;0063589;21;207;37;ERRO;26260840;26260803;37;250;03/07/2025 08:00;1;1;1;4114;726;GGK-5D78;81;475502;475202;300
19/01/2025;0063598;21;107;69;ERRO;26261170;26261101;69;250;03/07/2025 08:00;1;1;1;null;735;GGJ-0133;null;386338;386176;162
19/01/2025;0063526;21;119;0;ERRO;null;null;null;600;03/07/2025 08:00;3;2;52;4114;767;ECI-1540;81;322295;322174;121
19/01/2025;0063276;21;230;0;ERRO;null;null;null;300;03/07/2025 08:00;3;2;52;4114;1442;EPA-9E68;81;427330;426770;560
19/01/2025;0063010;21;64;0;ERRO;null;null;null;600;03/07/2025 08:00;3;2;52;4114;1530;FFM-2312;81;832699;832626;73
19/01/2025;0063027;21;123;55;ERRO;20093802;20093747;55;500;03/07/2025 08:00;3;2;9;null;56;FUD-5881;null;739719;739719;0
19/01/2025;0063694;21;240;0;ERRO;null;null;null;250;03/07/2025 08:00;3;2;52;4114;106;DTE-1668 TREINAM;81;358975;359864;-889
19/01/2025;0063012;21;101;12;ERRO;25186411;25186399;12;500;03/07/2025 08:00;3;2;8;null;147;FNY-1860;null;774425;774084;341
19/01/2025;0063037;21;45;9;ERRO;25187022;25187013;9;600;03/07/2025 08:00;3;2;8;2676;1589;FVC-8963;60;783463;783463;0
19/01/2025;0006404;21;570;0;ERRO;null;null;null;615;03/07/2025 07:59;109;10;43;2751;1141;EZL-0178;112;452115;452115;0
19/01/2025;0063244;21;188;121;ERRO;14560166;14560046;121;600;03/07/2025 07:59;2;3;4;null;1426;FJU-6812;null;670193;669935;258
19/01/2025;0063313;21;123;0;ERRO;null;null;null;600;03/07/2025 08:00;3;2;52;4114;1753;FZV-3441;81;678139;678041;98
19/01/2025;0063335;21;55;0;ERRO;null;null;null;600;03/07/2025 08:00;3;2;52;4115;2065;GJC-7382;96;453419;453336;83
19/01/2025;0063336;21;99;0;ERRO;null;null;null;600;03/07/2025 08:00;3;2;52;4115;2066;GEL-1043;96;455772;455615;157
19/01/2025;0063342;21;54;34;ERRO;18500108;18500075;34;600;03/07/2025 07:59;2;3;29;null;2069;GKE-4244;null;456197;456111;86
19/01/2025;0063116;21;66;20;ERRO;20095158;20095138;20;600;03/07/2025 08:00;3;2;9;2676;2105;FRH-7721;60;628487;628487;0
19/01/2025;0063118;21;46;22;ERRO;20094326;20094304;22;600;03/07/2025 08:00;3;2;9;null;2107;FQT-3771;null;696233;696233;0
19/01/2025;0063361;21;66;43;ERRO;14560520;14560477;43;600;03/07/2025 07:59;2;3;4;null;2080;ENG-7173;null;517189;517081;108
19/01/2025;0063229;21;70;24;ERRO;14560477;14560452;24;600;03/07/2025 07:59;2;3;4;null;2127;FQC-3417;null;622508;622508;0
19/01/2025;0063341;21;76;0;ERRO;null;null;null;600;03/07/2025 08:00;3;2;52;4115;2047;FZF-1844;96;519682;519571;111
19/01/2025;0063356;21;92;71;ERRO;26260959;26260888;71;600;03/07/2025 08:00;1;1;1;null;2092;EZX-2882;null;467901;467754;147
19/01/2025;0006307;21;715;0;ERRO;null;null;null;800;03/07/2025 08:00;1;1;51;4114;2278;FYS-1793;81;258741;258741;0
19/01/2025;0063432;21;85;58;ERRO;14560419;14560361;58;600;03/07/2025 07:59;2;3;4;null;2290;GGE-5973;null;219118;218987;131
19/01/2025;0063367;21;91;0;ERRO;null;null;null;600;03/07/2025 08:00;3;2;52;4115;2199;EEY-5977;96;457387;457244;143
19/01/2025;0063650;21;220;0;ERRO;null;null;null;500;03/07/2025 07:59;109;10;43;2751;2525;DRL-9B71;112;259122;258747;375
19/01/2025;0064304;21;190;0;ERRO;null;null;null;300;03/07/2025 07:59;109;10;43;2751;2597;null;112;126027;125746;281
19/01/2025;0063665;21;167;99;ERRO;10504385;10504286;99;500;03/07/2025 08:00;1;1;51;4114;2552;GDJ-6C23;81;210217;210217;0
;;;;;;;;;;;;;;;;;;;;
20/01/2025;0063694;21;250;0;ERRO;null;null;null;250;03/07/2025 07:59;109;10;43;2751;106;DTE-1668 TREINAM;112;359230;358975;255
20/01/2025;0063040;21;117;85;ERRO;26268085;26268000;85;600;03/07/2025 08:00;1;1;1;null;1596;FDC-2846;null;676824;676712;112
20/01/2025;0063048;21;105;33;ERRO;26264827;26264794;33;600;03/07/2025 08:00;1;1;1;null;1553;FUQ-8295;null;630126;630126;0
20/01/2025;0063015;21;98;45;ERRO;25197808;25197763;45;600;03/07/2025 08:00;3;2;8;null;1535;FOR-6115;null;609176;608941;235
20/01/2025;0063022;21;72;21;ERRO;20103860;20103839;21;600;03/07/2025 08:00;3;2;9;null;1542;FXR-2336;null;767481;767481;0
20/01/2025;0063029;21;183;128;ERRO;25197589;25197462;128;600;03/07/2025 08:00;3;2;8;null;1549;FOS-2990;null;806372;806150;222
20/01/2025;0063001;21;214;129;ERRO;20106886;20106757;129;500;03/07/2025 08:00;3;2;9;null;1521;FOJ-0886;null;838565;838319;246
20/01/2025;0063009;21;59;16;ERRO;26274226;26274210;16;600;03/07/2025 08:00;1;1;1;null;1529;FCU-7900;null;711302;711302;0
20/01/2025;0063013;21;42;8;ERRO;20101374;20101366;8;600;03/07/2025 08:00;3;2;9;2676;1533;FDG-4755;60;755745;755745;0
20/01/2025;0063014;21;193;107;ERRO;25192140;25192033;107;600;03/07/2025 08:00;3;2;8;null;1534;FYE-7001;null;807625;807227;398
20/01/2025;0063051;21;301;152;ERRO;20105013;20104861;152;600;03/07/2025 08:00;3;2;9;null;1627;GAU-7280;null;719651;719362;289
20/01/2025;0063197;21;38;28;ERRO;25192982;25192954;28;200;03/07/2025 08:00;3;2;8;null;1625;GGK-0476;null;513763;513763;0
20/01/2025;0063071;21;146;87;ERRO;26270659;26270571;87;600;03/07/2025 08:00;1;1;1;null;1878;EFW-0084;null;597268;597113;155
20/01/2025;0063080;21;162;124;ERRO;20104597;20104473;124;600;03/07/2025 08:00;3;2;9;null;1888;EFW-0080;null;639342;639148;194
20/01/2025;0063117;21;136;93;ERRO;26274528;26274435;93;600;03/07/2025 08:00;1;1;1;null;2106;FQX-8215;null;634242;634072;170
20/01/2025;0063118;21;155;100;ERRO;26270800;26270700;100;600;03/07/2025 08:00;1;1;1;null;2107;FQT-3771;null;696432;696233;199
20/01/2025;0063120;21;90;41;ERRO;20097456;20097415;41;600;03/07/2025 08:00;3;2;9;null;2109;FXY-8109;null;600063;600063;0
20/01/2025;0064412;21;190;0;ERRO;null;null;null;500;03/07/2025 07:59;109;10;36;2456;2243;EOC-4626;58;393861;453658;-59797
20/01/2025;0063447;21;147;113;ERRO;14562276;14562163;113;500;03/07/2025 07:59;2;3;4;null;2404;GAL-9H04;null;327137;326933;204
20/01/2025;0063639;21;88;52;ERRO;26269268;26269216;52;500;03/07/2025 08:00;1;1;1;null;2478;FRO-0027;null;295972;295840;132
20/01/2025;0063368;21;113;80;ERRO;26269065;26268985;80;500;03/07/2025 08:00;1;1;1;null;2195;EYY-9393;null;445239;445090;149
20/01/2025;0063379;21;207;147;ERRO;18504320;18504173;147;600;03/07/2025 07:59;2;3;29;null;2213;EAO-4483;null;390641;390328;313
20/01/2025;0063123;21;191;102;ERRO;26274630;26274528;102;500;03/07/2025 08:00;1;1;1;null;2446;FWY-6A50;null;582123;581899;224
20/01/2025;0063367;27;220;156;ERRO;6855248;6855092;156;600;03/07/2025 08:00;110;4;62;null;2199;EEY-5977;null;457589;457387;202
20/01/2025;0063446;21;132;102;ERRO;14564293;14564191;102;500;03/07/2025 07:59;2;3;4;null;2403;GHC-9C82;null;360421;360196;225
20/01/2025;0064464;21;165;0;ERRO;null;null;null;500;03/07/2025 07:59;109;10;43;2751;2421;GIT-4H37;112;293942;293768;174
20/01/2025;0063656;27;215;151;ERRO;6856721;6856570;151;500;03/07/2025 08:00;110;4;62;null;2543;GHK-6B11;null;239299;238962;337
20/01/2025;0063663;21;118;47;ERRO;18504821;18504774;47;500;03/07/2025 07:59;2;3;29;null;2550;GHN-8B56;null;211641;211490;151
20/01/2025;0063107;21;47;31;ERRO;26266338;26266307;31;600;03/07/2025 08:00;1;1;1;4114;2598;null;81;161843;161782;61
21/01/2025;0063012;21;171;66;ERRO;26281179;26281112;66;500;03/07/2025 08:00;1;1;1;null;147;FNY-1860;null;774815;774581;234
21/01/2025;0063047;21;99;47;ERRO;20112903;20112856;47;600;03/07/2025 08:00;3;2;9;null;1552;FLW-8150;null;673721;673721;0
21/01/2025;0063049;21;135;81;ERRO;26277273;26277192;81;600;03/07/2025 08:00;1;1;1;null;1554;FRE-5174;null;719510;719384;126
21/01/2025;0064157;21;131;0;ERRO;null;null;null;300;03/07/2025 07:59;109;10;36;2751;1739;GAD-2464;112;617785;617599;186
21/01/2025;0064158;21;189;0;ERRO;null;null;null;300;03/07/2025 07:59;109;10;43;2751;1737;FYB-9305;112;25760;25501;259
21/01/2025;0063038;21;242;144;ERRO;20109183;20109039;144;600;03/07/2025 08:00;3;2;9;2676;1668;FKM-2364;60;709305;709073;232
21/01/2025;0063064;21;207;142;ERRO;20115539;20115397;142;600;03/07/2025 08:00;3;2;9;null;1871;FFN-3525;null;686714;686477;237
21/01/2025;0063066;21;227;156;ERRO;20108124;20107968;156;600;03/07/2025 08:00;3;2;9;2676;1873;EFW-0067;60;673074;672817;257
21/01/2025;0064418;21;46;0;ERRO;null;null;null;500;03/07/2025 07:59;109;10;36;2751;2249;ETA-8761;112;392423;392470;-47
21/01/2025;0064264;21;143;0;ERRO;null;null;null;600;03/07/2025 07:59;109;10;43;2751;2307;GIE-7705;112;245187;244952;235
21/01/2025;0002942;27;0;146;ERRO;18414847;18414701;146;300;03/07/2025 07:59;5;5;14;3618;2260;null;95;295758;295758;0
21/01/2025;0063194;21;268;184;ERRO;26275628;26275443;184;600;03/07/2025 08:00;1;1;1;4114;2113;FVP-2795;81;547055;546742;313
21/01/2025;0064130;21;131;0;ERRO;null;null;null;300;03/07/2025 07:59;109;10;36;2751;1711;GJR-8712;112;596708;596539;169
21/01/2025;0064464;21;165;0;ERRO;null;null;null;500;03/07/2025 07:59;109;10;43;2751;2421;GIT-4H37;112;294170;293942;228
21/01/2025;0063554;21;177;104;ERRO;26282251;26282147;104;500;03/07/2025 08:00;1;1;1;null;2746;SVF-6E98;null;64620;64381;239
22/01/2025;0063007;21;128;36;ERRO;29078361;29078325;36;500;03/07/2025 08:00;1;1;31;null;640;FCI-2378;null;762469;762469;0
22/01/2025;0063585;21;191;109;ERRO;14573714;14573604;109;250;03/07/2025 07:59;2;3;4;null;722;GBU-4486;null;428441;428152;289
22/01/2025;0063504;21;69;15;ERRO;20121627;20121612;15;600;03/07/2025 08:00;3;2;9;null;50;FZA-4165;null;295968;295968;0
22/01/2025;0063219;27;65;18;ERRO;6863871;6863853;18;600;03/07/2025 08:00;110;4;62;null;1385;FFN-6694;null;739226;739226;0
22/01/2025;0063004;21;245;162;ERRO;29079437;29079275;162;600;03/07/2025 08:00;1;1;31;null;1524;FPC-1222;null;751185;750903;282
22/01/2025;0063023;21;190;74;ERRO;29074077;29074003;74;600;03/07/2025 08:00;1;1;31;4114;1543;FCK-5932;81;773393;773171;222
22/01/2025;0063234;21;215;152;ERRO;14573308;14573156;152;600;03/07/2025 07:59;2;3;4;null;2132;FWL-4188;null;609667;609373;294
22/01/2025;0064422;21;97;0;ERRO;null;null;null;500;03/07/2025 07:59;109;10;43;2751;2253;EZY-0189;112;391410;391260;150
22/01/2025;0064615;21;140;0;ERRO;null;null;null;500;03/07/2025 07:59;109;10;43;2751;2454;FMY-6B14;112;260280;260077;203
22/01/2025;0063635;27;78;55;ERRO;6865302;6865247;55;500;03/07/2025 08:00;110;4;62;null;2474;FRO-0023;null;298948;298842;106
22/01/2025;0064475;21;116;0;ERRO;null;null;null;500;03/07/2025 07:59;109;10;43;4118;2432;EVO-5C29;114;298615;298513;102
22/01/2025;0064300;21;145;0;ERRO;null;null;null;400;03/07/2025 07:59;109;10;36;2751;2593;null;112;138831;138628;203
22/01/2025;0064300;21;173;0;ERRO;null;null;null;400;03/07/2025 07:59;109;10;43;4118;2593;null;114;138831;138831;0
23/01/2025;0063040;21;97;28;ERRO;20129198;20129170;28;600;03/07/2025 08:00;3;2;9;null;1596;FDC-2846;null;677303;677196;107
23/01/2025;0063040;21;33;14;ERRO;20129212;20129198;14;600;03/07/2025 08:00;3;2;9;null;1596;FDC-2846;null;677303;677303;0
23/01/2025;0063015;21;85;37;ERRO;20127738;20127701;37;600;03/07/2025 08:00;3;2;9;null;1535;FOR-6115;null;609646;609646;0
23/01/2025;0064143;21;211;0;ERRO;null;null;null;300;03/07/2025 07:59;109;10;43;2751;1714;FMK-6554;112;608116;607868;248
23/01/2025;0064344;21;192;0;ERRO;null;null;null;600;03/07/2025 07:59;109;10;43;2751;2073;GFL-6199;112;437711;437439;272
23/01/2025;0064364;21;200;0;ERRO;null;null;null;600;03/07/2025 07:59;109;10;43;4118;2084;EMA-8133;114;408126;408126;0
23/01/2025;0064264;21;140;0;ERRO;null;null;null;600;03/07/2025 07:59;109;10;43;2751;2307;GIE-7705;112;245416;245187;229
23/01/2025;0064153;21;99;0;ERRO;null;null;null;300;03/07/2025 07:59;109;10;43;2751;1734;GCY-2698;112;648550;648550;0
23/01/2025;0064304;21;126;0;ERRO;null;null;null;300;03/07/2025 07:59;109;10;36;4118;2597;null;114;126654;126451;203
23/01/2025;0064299;21;134;0;ERRO;null;null;null;400;03/07/2025 07:59;109;10;36;4118;2592;null;114;120130;119963;167
24/01/2025;0000900;27;0;83;ERRO;2373138;2373055;83;300;03/07/2025 07:59;5;5;67;3618;410;KFI-9636;95;298980;298980;0
24/01/2025;0064344;21;213;0;ERRO;null;null;null;600;03/07/2025 07:59;109;10;43;2751;2073;GFL-6199;112;438627;437987;640
24/01/2025;0064320;21;172;0;ERRO;null;null;null;600;03/07/2025 07:59;109;10;43;2751;2040;FNK-4206;112;436465;436209;256
24/01/2025;0063478;21;162;0;ERRO;null;null;null;500;03/07/2025 07:59;109;10;43;2751;2435;ELI-4B52;112;289290;289033;257
24/01/2025;0064480;21;144;0;ERRO;null;null;null;500;03/07/2025 07:59;109;10;43;2751;2437;DVI-0H52;112;262161;261978;183
24/01/2025;0064481;21;88;0;ERRO;null;null;null;500;03/07/2025 07:59;109;10;43;2751;2438;EXN-8J03;112;263511;263419;92
24/01/2025;0064467;21;106;0;ERRO;null;null;null;500;03/07/2025 07:59;109;10;43;2751;2424;EXV-1B28;112;264990;264843;147
24/01/2025;0064624;21;160;0;ERRO;null;null;null;500;03/07/2025 07:59;109;10;43;2751;2463;FRO-0012;112;230836;230623;213
24/01/2025;0063479;21;57;0;ERRO;null;null;null;500;03/07/2025 07:59;109;10;43;2751;2436;GBU-1H03;112;274814;274733;81
24/01/2025;0064413;21;143;0;ERRO;null;null;null;500;03/07/2025 07:59;109;10;43;2751;2244;ERL-4099;112;454100;453898;202
24/01/2025;0064423;21;215;0;ERRO;null;null;null;500;03/07/2025 07:59;109;10;43;2751;2255;EEE-9560;112;410934;410628;306
24/01/2025;0064400;21;166;0;ERRO;null;null;null;500;03/07/2025 07:59;109;10;43;2751;2234;EPA-3284;112;362587;362319;268
24/01/2025;0064266;21;42;0;ERRO;null;null;null;600;03/07/2025 07:59;109;10;43;2751;2313;GCC-6F81;112;358070;358006;64
24/01/2025;0064473;21;85;0;ERRO;null;null;null;500;03/07/2025 07:59;109;10;43;2751;2430;DIL-8G59;112;309656;309520;136
24/01/2025;0063091;21;2;0;ERRO;null;null;null;500;03/07/2025 08:00;3;2;52;2696;2708;SWF-4C15;54;83365;63091;20274
24/01/2025;0063664;21;132;0;ERRO;null;null;null;500;03/07/2025 08:00;3;2;9;4124;2551;GKA-1C94;110;211954;211746;208
24/01/2025;0063652;21;165;0;ERRO;null;null;null;500;03/07/2025 07:59;109;10;36;2751;2528;DMI-7D57;112;218999;218686;313
24/01/2025;0063101;21;1;0;ERRO;null;null;null;500;03/07/2025 08:00;3;2;52;2696;2740;STF-4C62;54;67842;41904;25938
25/01/2025;0063600;21;9;141;ERRO;21604578;21604436;141;300;03/07/2025 07:59;2;3;27;4124;737;GKC-0A14;110;370484;370277;207
26/01/2025;0064425;21;68;42;ERRO;29926545;29926503;42;600;03/07/2025 07:59;109;10;43;null;1637;ENZ-9444;null;397616;397511;105
26/01/2025;0064320;21;116;0;ERRO;null;null;null;600;03/07/2025 07:59;109;10;43;2751;2040;FNK-4206;112;436973;436805;168
26/01/2025;0064480;21;270;0;ERRO;null;null;null;500;03/07/2025 07:59;109;10;43;2751;2437;DVI-0H52;112;262839;262468;371
26/01/2025;0064266;21;143;88;ERRO;29929951;29929863;88;600;03/07/2025 07:59;109;10;43;null;2313;GCC-6F81;null;358290;358070;220
26/01/2025;0063685;21;93;56;ERRO;22011353;22011297;56;400;03/07/2025 07:59;109;10;36;null;2583;null;null;145800;145655;145
27/01/2025;0063003;21;201;92;ERRO;20158637;20158546;92;600;03/07/2025 08:00;3;2;9;null;1523;FGL-7061;null;815312;815081;231
27/01/2025;0063041;21;143;62;ERRO;20155856;20155794;62;600;03/07/2025 08:00;3;2;9;null;1597;FJU-4787;null;691167;691167;0
27/01/2025;0006404;21;247;0;ERRO;null;null;null;615;03/07/2025 07:59;109;10;43;2751;1141;EZL-0178;112;452362;452362;0
27/01/2025;0063013;21;193;123;ERRO;25260425;25260302;123;600;03/07/2025 08:00;3;2;8;null;1533;FDG-4755;null;756734;756502;232
27/01/2025;0064264;21;87;46;ERRO;29934617;29934571;46;600;03/07/2025 07:59;109;10;43;2456;2307;GIE-7705;58;246012;245870;142
27/01/2025;0064451;21;172;0;ERRO;null;null;null;500;03/07/2025 07:59;109;10;43;2751;2408;GGT-1D91;112;318029;317746;283
27/01/2025;0064464;21;114;71;ERRO;29933580;29933510;71;500;03/07/2025 07:59;109;10;43;null;2421;GIT-4H37;null;295540;295381;159
27/01/2025;0064301;21;134;99;ERRO;22015979;22015880;99;400;03/07/2025 07:59;109;10;36;null;2594;null;null;119853;119654;199
28/01/2025;0063022;21;163;96;ERRO;29111388;29111292;96;600;03/07/2025 08:00;1;1;31;null;1542;FXR-2336;null;769063;769063;0
28/01/2025;0064624;21;106;0;ERRO;null;null;null;500;03/07/2025 07:59;109;10;43;2751;2463;FRO-0012;112;231186;231046;140
28/01/2025;0064416;21;74;45;ERRO;29944766;29944721;45;500;03/07/2025 07:59;109;10;43;null;2247;EOC-6991;null;421302;421188;114
28/01/2025;0064423;21;146;39;ERRO;29941431;29941392;39;500;03/07/2025 07:59;109;10;43;2456;2255;EEE-9560;58;411614;411389;225
29/01/2025;0063353;21;0;134;ERRO;21625123;21624988;134;600;03/07/2025 07:59;2;3;27;4124;2091;ERA-4308;110;458663;415704;42959
29/01/2025;0064467;21;161;0;ERRO;null;null;null;500;03/07/2025 07:59;109;10;43;2751;2424;EXV-1B28;112;265960;265736;224
29/01/2025;0063640;21;120;0;ERRO;null;null;null;500;03/07/2025 07:59;2;3;27;4124;2479;FRO-0028;110;286383;286234;149
29/01/2025;0064130;21;135;78;ERRO;29952692;29952614;78;300;03/07/2025 07:59;109;10;43;null;1711;GJR-8712;null;598331;598154;177
29/01/2025;0063372;21;0;185;ERRO;21625470;21625285;185;600;03/07/2025 07:59;2;3;27;4124;2207;EXR-2049;110;125477;360255;-234778
29/01/2025;0063370;21;134;0;ERRO;null;null;null;500;03/07/2025 08:00;3;2;52;4124;2201;EOE-7155;110;458663;458469;194
29/01/2025;0064400;21;209;143;ERRO;29952038;29951895;143;500;03/07/2025 07:59;109;10;43;2456;2234;EPA-3284;58;363542;363200;342
29/01/2025;0063666;21;0;120;ERRO;21624988;21624868;120;500;03/07/2025 07:59;2;3;27;4124;2553;GHK-3B22;110;286383;243286;43097
30/01/2025;0063036;21;255;182;ERRO;20189905;20189723;182;600;03/07/2025 08:00;3;2;9;null;1588;FQS-7282;null;750910;750665;245
30/01/2025;0063039;21;272;156;ERRO;25283909;25283753;156;600;03/07/2025 08:00;3;2;8;null;1591;FXQ-4905;null;799791;799530;261
30/01/2025;0063005;21;210;116;ERRO;20190021;20189905;116;500;03/07/2025 08:00;3;2;9;null;1372;FNF-4660;null;817002;816760;242
30/01/2025;0006404;21;600;0;ERRO;null;null;null;615;03/07/2025 08:00;3;2;52;null;1141;EZL-0178;null;452606;452503;103
30/01/2025;0063053;21;252;189;ERRO;20189088;20188900;189;600;03/07/2025 08:00;3;2;9;null;1629;GAR-9880;null;679750;679508;242
30/01/2025;0064154;21;156;111;ERRO;29960773;29960662;111;300;03/07/2025 07:59;109;10;43;null;1736;FJN-2929;null;540419;540215;204
30/01/2025;0064159;21;143;99;ERRO;29959643;29959544;99;300;03/07/2025 07:59;109;10;43;null;1738;FJI-6994;null;572399;572201;198
30/01/2025;0063063;21;104;46;ERRO;20190389;20190343;46;600;03/07/2025 08:00;3;2;9;null;1870;EFW-0065;null;674848;674643;205
30/01/2025;0063076;21;168;120;ERRO;29128969;29128849;120;600;03/07/2025 08:00;1;1;31;null;1883;EFW-0086;null;614191;613989;202
30/01/2025;0063355;27;131;0;ERRO;null;null;null;600;03/07/2025 08:00;110;4;62;4124;2081;ENZ-9209;110;509191;508984;207
30/01/2025;0063341;27;147;48;ERRO;6898606;6898558;48;600;03/07/2025 08:00;110;4;62;4124;2047;FZF-1844;110;522463;522463;0
30/01/2025;0063183;21;190;0;ERRO;null;null;null;500;03/07/2025 07:59;2;3;27;4124;1787;GIW-6030;110;515091;514807;284
30/01/2025;0063628;21;163;101;ERRO;25284358;25284257;101;500;03/07/2025 08:00;3;2;8;null;2466;FRO-0016;null;271447;271211;236
30/01/2025;0064391;21;157;0;ERRO;null;null;null;500;03/07/2025 07:59;109;10;43;2751;2220;EZZ-0948;112;369471;369219;252
30/01/2025;0064400;21;163;0;ERRO;null;null;null;500;03/07/2025 07:59;109;10;43;2751;2234;EPA-3284;112;363807;363542;265
30/01/2025;0063663;21;139;102;ERRO;18561494;18561392;102;500;03/07/2025 07:59;2;3;29;null;2550;GHN-8B56;null;213995;213777;218
30/01/2025;0063551;21;99;30;ERRO;29131367;29131338;30;500;03/07/2025 08:00;1;1;31;null;2758;STB-0C03;null;64123;64123;0
;;;;;;;;;;;;;;;;;;;;
31/01/2025;0006301;21;350;0;ERRO;null;null;null;275;03/07/2025 08:00;3;2;52;4114;974;EZL-0212;81;228210;229210;-1000
31/01/2025;0063007;21;265;203;ERRO;25291306;25291103;203;500;03/07/2025 08:00;3;2;8;null;640;FCI-2378;null;763785;763705;80
31/01/2025;0063587;21;126;0;ERRO;null;null;null;250;03/07/2025 07:59;2;3;28;4124;724;GIY-7C63;110;362614;362424;190
31/01/2025;0063598;27;206;166;ERRO;6900150;6899984;166;250;03/07/2025 08:00;110;4;62;null;735;GGJ-0133;null;388667;388408;259
31/01/2025;0064604;21;120;0;ERRO;null;null;null;600;03/07/2025 07:59;109;10;43;2751;741;GFU-8310;112;457134;456938;196
31/01/2025;0063027;21;78;29;ERRO;10543425;10543396;29;500;03/07/2025 08:00;1;1;51;null;56;FUD-5881;null;742409;742409;0
31/01/2025;0063217;27;125;90;ERRO;6900941;6900850;90;600;03/07/2025 08:00;110;4;62;null;1410;FFN-6696;null;731824;731625;199
31/01/2025;0063049;21;172;58;ERRO;25290784;25290726;58;600;03/07/2025 08:00;3;2;8;null;1554;FRE-5174;null;721560;721560;0
31/01/2025;0063218;21;99;76;ERRO;14613046;14612971;76;600;03/07/2025 07:59;2;3;4;null;1384;FFN-6693;null;793878;793720;158
31/01/2025;0063244;21;203;156;ERRO;14614717;14614561;156;600;03/07/2025 07:59;2;3;4;null;1426;FJU-6812;null;672647;672369;278
31/01/2025;0063006;21;103;75;ERRO;20193829;20193754;75;600;03/07/2025 08:00;3;2;9;null;1526;FIM-3995;null;716368;716249;119
31/01/2025;0063013;21;132;71;ERRO;20198751;20198679;71;600;03/07/2025 08:00;3;2;9;null;1533;FDG-4755;null;757596;757349;247
31/01/2025;0064425;21;140;0;ERRO;null;null;null;600;03/07/2025 07:59;109;10;36;2751;1637;ENZ-9444;112;398706;398495;211
31/01/2025;0063065;21;260;171;ERRO;20193189;20193017;171;600;03/07/2025 08:00;3;2;9;null;1872;EFW-0083;null;654387;654098;289
31/01/2025;0063067;21;139;104;ERRO;25291103;25290999;104;600;03/07/2025 08:00;3;2;8;null;1874;FFN-3755;null;634785;634626;159
31/01/2025;0006303;21;331;0;ERRO;null;null;null;600;03/07/2025 08:00;3;2;52;null;2448;GED-6G65;null;114202;114202;0
31/01/2025;0064467;21;136;0;ERRO;null;null;null;500;03/07/2025 07:59;109;10;43;2751;2424;EXV-1B28;112;266548;266360;188
31/01/2025;0064474;21;76;0;ERRO;null;null;null;500;03/07/2025 07:59;109;10;43;2751;2431;BZF-9A18;112;257176;257063;113
31/01/2025;0063234;21;58;28;ERRO;18568969;18568942;28;600;03/07/2025 07:59;2;3;29;null;2132;FWL-4188;null;611300;611300;0
31/01/2025;0063075;21;174;125;ERRO;20194866;20194741;125;600;03/07/2025 08:00;3;2;9;null;1882;EFW-0087;null;599933;599733;200
31/01/2025;0064470;21;166;0;ERRO;null;null;null;500;03/07/2025 07:59;109;10;36;2751;2427;FPG-8I31;112;273006;272788;218
31/01/2025;0063663;27;173;112;ERRO;6901606;6901494;112;500;03/07/2025 08:00;110;4;62;null;2550;GHN-8B56;null;214152;213995;157
31/01/2025;0063287;21;0;72;ERRO;13796730;13796658;72;350;03/07/2025 07:59;2;3;28;4124;2784;null;110;362614;597150;-234536
01/02/2025;0000900;27;0;62;ERRO;2422947;2422885;62;300;03/07/2025 07:59;5;5;67;3618;410;KFI-9636;95;298980;298980;0
01/02/2025;0063002;21;251;177;ERRO;20201499;20201321;177;600;03/07/2025 08:00;3;2;9;null;1522;FIM-9883;null;752253;751964;289
01/02/2025;0063050;21;109;21;ERRO;26362014;26361993;21;600;03/07/2025 08:00;1;1;1;null;1556;FUQ-7098;null;730150;730150;0
01/02/2025;0063220;21;108;75;ERRO;14617422;14617346;75;600;03/07/2025 07:59;2;3;4;4124;1420;FFN-6690;110;681353;681180;173
01/02/2025;0063025;21;127;78;ERRO;26357819;26357741;78;600;03/07/2025 08:00;1;1;1;null;1545;FHN-7339;null;779868;779610;258
01/02/2025;0063025;21;143;58;ERRO;29142147;29142088;58;600;03/07/2025 08:00;1;1;31;null;1545;FHN-7339;null;779868;779868;0
01/02/2025;0002816;27;62;0;ERRO;null;null;null;300;03/07/2025 07:59;5;5;14;3618;1979;null;95;429726;429726;0
01/02/2025;0063061;21;198;132;ERRO;10546038;10545906;132;600;03/07/2025 08:00;1;1;51;null;1868;FFN-3524;null;681994;681756;238
01/02/2025;0063117;21;61;21;ERRO;29145644;29145623;21;600;03/07/2025 08:00;1;1;31;null;2106;FQX-8215;null;636418;636418;0
01/02/2025;0063558;21;52;30;ERRO;29145572;29145542;30;600;03/07/2025 08:00;1;1;31;null;2152;FBV-8579;null;67042;66972;70
01/02/2025;0002902;27;97;159;ERRO;18474919;18474760;159;300;03/07/2025 07:59;5;5;14;null;2186;null;null;301242;301054;188
01/02/2025;0006307;21;732;0;ERRO;null;null;null;800;03/07/2025 08:00;3;2;52;null;2278;FYS-1793;null;260291;260291;0
01/02/2025;0063100;21;111;49;ERRO;25300883;25300834;49;500;03/07/2025 08:00;3;2;8;null;2718;SVC-0B13;null;75517;75517;0
01/02/2025;0063555;21;223;160;ERRO;10546695;10546535;160;500;03/07/2025 08:00;1;1;51;null;2759;STA-0E94;null;68656;68305;351
02/02/2025;0063002;21;88;1;ERRO;26370168;26370167;1;600;03/07/2025 08:00;1;1;1;null;1522;FIM-9883;null;752722;752722;0
03/02/2025;0063008;21;190;0;ERRO;null;null;null;600;03/07/2025 08:00;1;1;31;4114;1528;FLW-9117;81;746687;746444;243
04/02/2025;0000900;27;0;101;ERRO;2438125;2438024;101;300;03/07/2025 07:59;5;5;67;1820;410;KFI-9636;101;298980;298980;0
04/02/2025;0064237;21;163;0;ERRO;null;null;null;600;03/07/2025 07:59;109;10;43;2456;1443;FCI-9360;58;648125;649723;-1598
04/02/2025;0064143;21;273;0;ERRO;null;null;null;300;03/07/2025 07:59;109;10;43;2456;1714;FMK-6554;58;610563;610205;358
04/02/2025;0064418;21;149;0;ERRO;null;null;null;500;03/07/2025 07:59;109;10;36;2456;2249;ETA-8761;58;395367;395145;222
04/02/2025;0064613;21;167;0;ERRO;null;null;null;500;03/07/2025 07:59;109;10;36;2456;2452;EKE-9F91;58;270388;270171;217
04/02/2025;0064624;21;166;0;ERRO;null;null;null;500;03/07/2025 07:59;109;10;43;2456;2463;FRO-0012;58;232977;232756;221
04/02/2025;0064422;21;0;191;ERRO;3933045;3932855;191;500;03/07/2025 07:59;109;10;44;2456;2253;EZY-0189;58;42869;393700;-350831
04/02/2025;0064423;21;191;0;ERRO;null;null;null;500;03/07/2025 07:59;109;10;44;2456;2255;EEE-9560;58;412869;412644;225
05/02/2025;0064467;21;164;0;ERRO;null;null;null;500;03/07/2025 07:59;109;10;43;2751;2424;EXV-1B28;112;267471;267245;226
05/02/2025;0064474;21;140;0;ERRO;null;null;null;500;03/07/2025 07:59;109;10;36;2751;2431;BZF-9A18;112;258170;257956;214
05/02/2025;0064415;21;151;0;ERRO;null;null;null;500;03/07/2025 07:59;109;10;36;2751;2246;ENZ-4613;112;408278;408078;200
05/02/2025;0064423;21;148;0;ERRO;null;null;null;500;03/07/2025 07:59;109;10;43;2751;2255;EEE-9560;112;413095;412869;226
05/02/2025;0064618;21;181;0;ERRO;null;null;null;500;03/07/2025 07:59;109;10;36;2751;2457;BXD-1H24;112;335306;335028;278
05/02/2025;0064385;21;124;0;ERRO;null;null;null;500;03/07/2025 07:59;109;10;36;2751;2227;EXV-2411;112;379200;379005;195
05/02/2025;0064400;21;215;0;ERRO;null;null;null;500;03/07/2025 07:59;109;10;43;2751;2234;EPA-3284;112;365211;364858;353
06/02/2025;0063601;21;147;0;ERRO;null;null;null;250;03/07/2025 07:59;2;3;29;4124;738;GBD-1D01;110;366287;366088;199
06/02/2025;0063187;21;153;0;ERRO;null;null;null;500;03/07/2025 08:00;3;2;52;4114;1794;FOL-2521;81;510953;510746;207
06/02/2025;0063478;21;121;0;ERRO;null;null;null;500;03/07/2025 07:59;109;10;43;2751;2435;ELI-4B52;112;291836;291645;191
06/02/2025;0063373;21;168;0;ERRO;null;null;null;600;03/07/2025 08:00;3;2;52;4124;2208;EJX-0417;110;401821;401570;251
06/02/2025;0064423;21;150;0;ERRO;null;null;null;500;03/07/2025 07:59;109;10;43;2751;2255;EEE-9560;112;413320;413095;225
07/02/2025;0063587;21;125;0;ERRO;null;null;null;250;03/07/2025 08:00;1;1;1;4114;724;GIY-7C63;81;364339;364152;187
07/02/2025;0063220;27;145;0;ERRO;null;null;null;600;03/07/2025 08:00;110;4;62;4124;1420;FFN-6690;110;682442;682213;229
07/02/2025;0063052;21;214;0;ERRO;null;null;null;600;03/07/2025 08:00;1;1;31;4114;1628;GBI-0350;81;654749;654487;262
07/02/2025;0063058;21;0;214;ERRO;29192753;29192539;214;600;03/07/2025 08:00;1;1;31;4114;1634;GBJ-1188;81;708931;708931;0
07/02/2025;0002820;27;89;0;ERRO;null;null;null;300;03/07/2025 07:59;5;5;67;1820;1983;null;101;434513;434513;0
07/02/2025;0063361;21;183;0;ERRO;null;null;null;600;03/07/2025 08:00;1;1;31;4114;2080;ENG-7173;81;521901;521656;245
07/02/2025;0064231;21;113;42;ERRO;22080690;22080648;42;600;03/07/2025 07:59;109;10;36;null;2129;FLK-1799;null;639712;639467;245
07/02/2025;0064317;21;131;0;ERRO;null;null;null;600;03/07/2025 07:59;109;10;36;2751;2042;FMY-3982;112;379589;379389;200
07/02/2025;0064623;21;189;22;ERRO;30035554;30035533;22;500;03/07/2025 07:59;109;10;43;null;2462;FOY-2B81;null;319637;319336;301
07/02/2025;0063632;21;135;0;ERRO;13809308;13809308;0;500;03/07/2025 07:59;2;3;28;4124;2471;FRO-0020;110;305431;305177;254
07/02/2025;0064459;21;161;0;ERRO;null;null;null;500;03/07/2025 07:59;109;10;36;2751;2416;GHK-4E96;112;179183;178985;198
07/02/2025;0064615;21;140;0;ERRO;null;null;null;500;03/07/2025 07:59;109;10;43;2751;2454;FMY-6B14;112;263113;262910;203
07/02/2025;0064400;21;157;0;ERRO;null;null;null;500;03/07/2025 07:59;109;10;43;2751;2234;EPA-3284;112;365712;365456;256
07/02/2025;0064472;21;142;0;ERRO;null;null;null;500;03/07/2025 07:59;109;10;36;2751;2429;EJU-4J21;112;327012;326798;214
07/02/2025;0002470;27;125;0;ERRO;null;null;null;400;03/07/2025 07:59;5;5;14;1820;2803;null;101;59299;59299;0
07/02/2025;0063652;21;130;0;ERRO;null;null;null;500;03/07/2025 07:59;109;10;36;2751;2528;DMI-7D57;112;221381;221153;228
07/02/2025;0063115;21;89;13;ERRO;26407889;26407876;13;600;03/07/2025 08:00;1;1;1;null;2606;null;null;137909;137909;0
07/02/2025;0064303;21;99;18;ERRO;30044274;30044255;18;400;03/07/2025 07:59;109;10;43;null;2596;null;null;125737;125561;176
08/02/2025;0063003;21;173;123;ERRO;26416363;26416240;123;600;03/07/2025 08:00;1;1;1;4114;1523;FGL-7061;81;817801;817602;199
08/02/2025;0063047;21;95;27;ERRO;26414754;26414727;27;600;03/07/2025 08:00;1;1;1;null;1552;FLW-8150;null;677402;677402;0
08/02/2025;0063041;21;92;50;ERRO;29203591;29203541;50;600;03/07/2025 08:00;1;1;31;null;1597;FJU-4787;null;692866;692778;88
08/02/2025;0063025;21;59;14;ERRO;25360769;25360756;14;600;03/07/2025 08:00;3;2;8;null;1545;FHN-7339;null;781311;781311;0
08/02/2025;0064422;21;150;0;ERRO;null;null;null;500;03/07/2025 07:59;109;10;43;2751;2253;EZY-0189;112;394619;394391;228
08/02/2025;0063123;21;47;15;ERRO;20254949;20254934;15;500;03/07/2025 08:00;3;2;9;null;2446;FWY-6A50;null;585743;585743;0
08/02/2025;0064615;21;250;0;ERRO;null;null;null;500;03/07/2025 07:59;109;10;43;2751;2454;FMY-6B14;112;263657;263323;334
08/02/2025;0064400;21;176;0;ERRO;null;null;null;500;03/07/2025 07:59;109;10;43;2751;2234;EPA-3284;112;365984;365712;272
08/02/2025;0063111;21;110;46;ERRO;26414127;26414081;46;600;03/07/2025 08:00;1;1;1;null;2602;null;null;163184;163036;148
09/02/2025;0063585;21;236;156;ERRO;18618239;18618083;156;250;03/07/2025 07:59;2;3;29;null;722;GBU-4486;null;432651;432295;356
09/02/2025;0063223;27;213;161;ERRO;6943504;6943343;161;600;03/07/2025 08:00;110;4;62;null;1401;FNA-1248;null;706543;706202;341
09/02/2025;0063215;21;53;38;ERRO;29213724;29213685;38;600;03/07/2025 08:00;1;1;31;null;1383;FFN-6691;null;781730;781646;84
09/02/2025;0063330;21;41;13;ERRO;25365543;25365530;13;600;03/07/2025 08:00;3;2;8;null;2060;FPX-2457;null;462746;462736;10
09/02/2025;0063335;21;31;4;ERRO;21677451;21677448;4;600;03/07/2025 07:59;2;3;27;null;2065;GJC-7382;null;457920;457874;46
09/02/2025;0063117;21;102;36;ERRO;29216004;29215968;36;600;03/07/2025 08:00;1;1;31;null;2106;FQX-8215;null;638023;638023;0
09/02/2025;0063357;21;108;68;ERRO;25365374;25365306;68;600;03/07/2025 08:00;3;2;8;null;2085;ENU-9335;null;362659;362552;107
09/02/2025;0064264;21;146;57;ERRO;30062357;30062300;57;600;03/07/2025 07:59;109;10;43;2456;2307;GIE-7705;58;248660;248420;240
09/02/2025;0063537;21;0;172;ERRO;29213557;29213386;172;600;03/07/2025 08:00;1;1;31;2676;2402;null;60;332428;320257;12171
09/02/2025;0063639;21;165;112;ERRO;25365306;25365194;112;500;03/07/2025 08:00;3;2;8;null;2478;FRO-0027;null;300641;300464;177
09/02/2025;0064423;21;210;0;ERRO;null;null;null;500;03/07/2025 07:59;109;10;43;2751;2255;EEE-9560;112;414370;414050;320
09/02/2025;0063381;21;174;125;ERRO;18617790;18617665;125;500;03/07/2025 07:59;2;3;29;null;2218;ELA-1734;null;392384;392109;275
09/02/2025;0063072;21;208;151;ERRO;25361512;25361361;151;600;03/07/2025 08:00;3;2;8;null;1879;EFW-0073;null;631017;630782;235
09/02/2025;0063279;21;192;128;ERRO;18617311;18617183;128;350;03/07/2025 07:59;2;3;29;null;2776;null;null;581575;581304;271
09/02/2025;0063286;21;32;25;ERRO;29213320;29213295;25;350;03/07/2025 08:00;1;1;31;null;2783;null;null;583381;583333;48
10/02/2025;0063216;21;163;122;ERRO;18619175;18619052;122;600;03/07/2025 07:59;2;3;29;4124;1396;FFN-6687;110;780643;780402;241
10/02/2025;0063269;27;147;0;ERRO;null;null;null;600;03/07/2025 08:00;110;4;63;4124;2309;GJT-5846;110;261484;261241;243
10/02/2025;0064624;21;170;0;ERRO;null;null;null;500;03/07/2025 07:59;109;10;36;2456;2463;FRO-0012;58;234260;234032;228
10/02/2025;0064470;21;272;225;ERRO;30067038;30066813;225;500;03/07/2025 07:59;109;10;43;null;2427;FPG-8I31;null;275181;274803;378
10/02/2025;0064486;21;140;0;ERRO;null;null;null;500;03/07/2025 07:59;109;10;36;2456;2443;FYZ-6C05;58;337903;337682;221
10/02/2025;0063103;21;90;0;ERRO;null;null;null;500;03/07/2025 08:00;1;1;31;4114;2720;SUP-6F67;81;79994;79993;1
10/02/2025;0063668;21;65;38;ERRO;26428584;26428546;38;500;03/07/2025 08:00;1;1;1;null;2555;GCI-3H26;null;245191;245082;109
10/02/2025;0063683;21;203;89;ERRO;22096044;22095954;89;400;03/07/2025 07:59;109;10;36;null;2585;null;null;158186;157869;317
11/02/2025;0063026;21;56;0;ERRO;null;null;null;600;03/07/2025 08:00;3;2;9;2676;1546;FCD-8098;60;757750;757750;0
11/02/2025;0063216;27;151;0;ERRO;null;null;null;600;03/07/2025 08:00;110;4;63;4124;1396;FFN-6687;110;781084;780831;253
11/02/2025;0063016;21;0;56;ERRO;20268693;20268637;56;600;03/07/2025 08:00;3;2;9;2676;1536;EMU-5857;60;757750;757692;58
11/02/2025;0064264;21;132;0;ERRO;null;null;null;600;03/07/2025 07:59;109;10;43;2456;2307;GIE-7705;58;249051;248834;217
11/02/2025;0064467;21;165;0;ERRO;null;null;null;500;03/07/2025 07:59;109;10;43;2456;2424;EXV-1B28;58;269044;268815;229
11/02/2025;0064467;21;44;0;ERRO;null;null;null;500;03/07/2025 07:59;109;10;43;2456;2424;EXV-1B28;58;268815;268754;61
11/02/2025;0064627;21;165;0;ERRO;null;null;null;500;03/07/2025 07:59;109;10;36;2456;2465;ELN-0G95;58;281617;281404;213
11/02/2025;0064620;21;165;0;ERRO;null;null;null;500;03/07/2025 07:59;109;10;36;2456;2459;FPD-6A93;58;248164;247944;220
11/02/2025;0064397;21;171;0;ERRO;null;null;null;500;03/07/2025 07:59;109;10;36;2456;2229;EOC-0440;58;385477;385246;231
11/02/2025;0064463;21;140;0;ERRO;null;null;null;500;03/07/2025 07:59;109;10;43;2456;2420;GJL-9C77;58;302598;302375;223
11/02/2025;0064463;21;140;0;ERRO;null;null;null;500;03/07/2025 07:59;109;10;43;2456;2420;GJL-9C77;58;302375;302375;0
11/02/2025;0002507;27;189;0;ERRO;null;null;null;550;03/07/2025 08:00;7;6;66;1802;2873;null;100;21058;21058;0
12/02/2025;0002929;27;0;94;ERRO;12890732;12890638;94;300;03/07/2025 08:00;7;6;24;1819;2283;null;51;476887;476887;0
12/02/2025;0002926;27;94;0;ERRO;null;null;null;300;03/07/2025 08:00;7;6;24;1819;2280;null;51;1342657;1342657;0
13/02/2025;0063002;21;173;101;ERRO;20290193;20290092;101;600;03/07/2025 08:00;3;2;9;null;1522;FIM-9883;null;754503;754304;199
13/02/2025;0063008;21;260;182;ERRO;20290076;20289894;182;600;03/07/2025 08:00;3;2;9;2676;1528;FLW-9117;60;748501;748202;299
13/02/2025;0064318;21;84;0;ERRO;null;null;null;600;03/07/2025 07:59;109;10;43;2751;2038;FNY-8823;112;398398;398273;125
13/02/2025;0063479;21;128;0;ERRO;null;null;null;500;03/07/2025 07:59;109;10;43;2751;2436;GBU-1H03;112;277818;277627;191
13/02/2025;0063102;21;212;140;ERRO;29249260;29249120;140;500;03/07/2025 08:00;1;1;31;null;2719;SVB-5A91;null;74825;74539;286
14/02/2025;0006301;21;221;0;ERRO;null;null;null;275;03/07/2025 08:00;3;2;8;4114;974;EZL-0212;81;228393;228393;0
14/02/2025;0063036;21;314;221;ERRO;29254843;29254623;221;600;03/07/2025 08:00;1;1;31;null;1588;FQS-7282;null;754140;753839;301
14/02/2025;0063201;21;158;92;ERRO;29258882;29258789;92;500;03/07/2025 08:00;1;1;31;null;1374;GER-0965;null;496986;496795;191
14/02/2025;0063013;21;66;27;ERRO;10583332;10583305;27;600;03/07/2025 08:00;1;1;51;null;1533;FDG-4755;null;759917;759917;0
14/02/2025;0063054;21;356;288;ERRO;29253178;29252890;288;600;03/07/2025 08:00;1;1;31;4114;1630;GBN-7330;81;724057;723715;342
14/02/2025;0064124;21;170;0;ERRO;null;null;null;300;03/07/2025 07:59;109;10;36;2456;1701;GIF-1627;58;554496;554250;246
14/02/2025;0063067;21;210;166;ERRO;20300381;20300215;166;600;03/07/2025 08:00;3;2;9;null;1874;FFN-3755;null;637684;637443;241
14/02/2025;0063342;27;200;0;ERRO;null;null;null;600;03/07/2025 08:00;110;4;63;4124;2069;GKE-4244;110;461026;460773;253
14/02/2025;0064318;21;122;0;ERRO;null;null;null;600;03/07/2025 07:59;109;10;36;2456;2038;FNY-8823;58;398657;398398;259
14/02/2025;0063478;21;140;0;ERRO;null;null;null;500;03/07/2025 07:59;109;10;43;2456;2435;ELI-4B52;58;293434;293213;221
14/02/2025;0064481;21;165;0;ERRO;null;null;null;500;03/07/2025 07:59;109;10;43;2456;2438;EXN-8J03;58;267375;267177;198
14/02/2025;0006303;21;375;0;ERRO;null;null;null;600;03/07/2025 08:00;3;2;8;4114;2448;GED-6G65;81;116549;115961;588
14/02/2025;0064439;21;143;0;ERRO;null;null;null;600;03/07/2025 07:59;109;10;36;2456;2297;GFV-6582;58;114744;114521;223
14/02/2025;0064439;21;143;0;ERRO;null;null;null;600;03/07/2025 07:59;109;10;36;2456;2297;GFV-6582;58;114744;114744;0
14/02/2025;0064624;21;120;0;ERRO;null;null;null;500;03/07/2025 07:59;109;10;36;2456;2463;FRO-0012;58;235095;234944;151
14/02/2025;0064615;21;160;0;ERRO;null;null;null;500;03/07/2025 07:59;109;10;36;2456;2454;FMY-6B14;58;264794;264580;214
14/02/2025;0064621;21;170;0;ERRO;null;null;null;500;03/07/2025 07:59;109;10;36;2456;2460;ELG-3G23;58;338260;338018;242
14/02/2025;0063638;21;123;71;ERRO;13820462;13820391;71;500;03/07/2025 07:59;2;3;28;null;2477;FRO-0026;null;281905;281721;184
15/02/2025;0063036;21;320;269;ERRO;29268180;29267910;269;600;03/07/2025 08:00;1;1;31;null;1588;FQS-7282;null;754730;754423;307
15/02/2025;0063042;21;181;107;ERRO;25416093;25415986;107;600;03/07/2025 08:00;3;2;8;null;1598;FCL-7678;null;769571;769397;174
15/02/2025;0063049;21;124;53;ERRO;29270188;29270135;53;600;03/07/2025 08:00;1;1;31;null;1554;FRE-5174;null;724210;724210;0
15/02/2025;0063311;21;103;71;ERRO;29266958;29266887;71;600;03/07/2025 08:00;1;1;31;null;1751;GJF-7817;null;561260;561155;105
15/02/2025;0063071;21;235;184;ERRO;25413697;25413514;184;600;03/07/2025 08:00;3;2;8;null;1878;EFW-0084;null;599118;598869;249
15/02/2025;0002903;27;0;0;ERRO;18548975;18548975;0;300;03/07/2025 07:59;5;5;14;null;2188;null;null;294693;294587;106
15/02/2025;0064615;21;93;66;ERRO;30127291;30127224;66;500;03/07/2025 07:59;109;10;43;null;2454;FMY-6B14;null;264928;264794;134
15/02/2025;0064463;21;146;105;ERRO;30126550;30126445;105;500;03/07/2025 07:59;109;10;43;null;2420;GJL-9C77;null;303429;303267;162
15/02/2025;0063541;21;235;141;ERRO;26465421;26465280;141;500;03/07/2025 08:00;1;1;1;null;2742;SUR-1D94;null;78755;78438;317
15/02/2025;0064301;21;0;192;ERRO;25417006;25416815;192;400;03/07/2025 08:00;3;2;8;2676;2594;null;60;228493;123894;104599
16/02/2025;0063015;21;162;76;ERRO;29274449;29274373;76;600;03/07/2025 08:00;1;1;31;null;1535;FOR-6115;null;613881;613628;253
16/02/2025;0063022;21;130;84;ERRO;25421004;25420920;84;600;03/07/2025 08:00;3;2;8;null;1542;FXR-2336;null;773138;773138;0
16/02/2025;0063029;21;156;99;ERRO;20306963;20306864;99;600;03/07/2025 08:00;3;2;9;4114;1549;FOS-2990;81;811106;810917;189
16/02/2025;0063204;21;0;110;ERRO;29276345;29276235;110;500;03/07/2025 08:00;1;1;31;2676;1375;GCH-4019;60;518493;498203;20290
16/02/2025;0063204;21;0;12;ERRO;29276357;29276345;12;500;03/07/2025 08:00;1;1;31;2676;1375;GCH-4019;60;518493;518493;0
16/02/2025;0063244;21;212;136;ERRO;21711068;21710932;136;600;03/07/2025 07:59;2;3;27;4124;1426;FJU-6812;110;675924;675634;290
16/02/2025;0063025;21;91;47;ERRO;29274373;29274326;47;600;03/07/2025 08:00;1;1;31;null;1545;FHN-7339;null;782920;782920;0
16/02/2025;0063197;21;121;0;ERRO;null;null;null;200;03/07/2025 08:00;1;1;31;2676;1625;GGK-0476;60;518493;518379;114
16/02/2025;0064481;21;201;162;ERRO;30133762;30133600;162;500;03/07/2025 07:59;109;10;43;null;2438;EXN-8J03;null;267655;267375;280
16/02/2025;0063305;21;237;45;ERRO;20307008;20306963;45;600;03/07/2025 08:00;3;2;9;null;1716;GJH-1899;null;524992;524750;242
17/02/2025;0063007;21;224;180;ERRO;25431951;25431771;180;500;03/07/2025 08:00;3;2;8;null;640;FCI-2378;null;766799;766554;245
17/02/2025;0063588;21;111;65;ERRO;26482170;26482105;65;260;03/07/2025 08:00;1;1;1;null;725;GCZ-9145;null;422471;422312;159
17/02/2025;0063276;21;1;0;ERRO;21719727;21719727;0;300;03/07/2025 07:59;2;3;27;4124;1442;EPA-9E68;110;432201;432204;-3
17/02/2025;0063027;21;178;120;ERRO;25426563;25426443;120;500;03/07/2025 08:00;3;2;8;null;56;FUD-5881;null;745558;745285;273
17/02/2025;0063002;21;215;165;ERRO;20316080;20315914;165;600;03/07/2025 08:00;3;2;9;null;1522;FIM-9883;null;755088;754841;247
17/02/2025;0063034;21;68;26;ERRO;29280437;29280411;26;600;03/07/2025 08:00;1;1;31;null;1592;FUY-1838;null;748388;748350;38
17/02/2025;0063040;21;174;114;ERRO;20311310;20311196;114;600;03/07/2025 08:00;3;2;9;null;1596;FDC-2846;null;681045;680878;167
17/02/2025;0064146;21;210;0;ERRO;null;null;null;600;03/07/2025 07:59;109;10;36;2456;1724;FYX-2999;58;629212;628968;244
17/02/2025;0063197;21;116;0;ERRO;null;null;null;200;03/07/2025 08:00;3;2;8;2676;1625;GGK-0476;60;518728;518728;0
17/02/2025;0063347;27;249;206;ERRO;6974181;6973975;206;600;03/07/2025 08:00;110;4;62;null;2071;GDI-7951;null;457197;456811;386
17/02/2025;0063120;21;0;116;ERRO;25429578;25429462;116;600;03/07/2025 08:00;3;2;8;2676;2109;FXY-8109;60;518728;605042;-86314
17/02/2025;0064481;21;252;0;ERRO;null;null;null;500;03/07/2025 07:59;109;10;43;2456;2438;EXN-8J03;58;267972;267655;317
17/02/2025;0006307;21;700;0;ERRO;null;null;null;800;03/07/2025 08:00;3;2;9;null;2278;FYS-1793;null;261882;261882;0
17/02/2025;0063642;21;244;170;ERRO;21715355;21715185;170;500;03/07/2025 07:59;2;3;27;null;2469;FRO-0030;null;299725;299359;366
17/02/2025;0064460;21;187;0;ERRO;null;null;null;500;03/07/2025 07:59;109;10;43;2456;2417;GAH-7E76;58;325344;325084;260
17/02/2025;0064460;21;165;0;ERRO;null;null;null;500;03/07/2025 07:59;109;10;43;2455;2417;GAH-7E76;43;325573;325344;229
17/02/2025;0064463;21;102;0;ERRO;null;null;null;500;03/07/2025 07:59;109;10;43;2456;2420;GJL-9C77;58;303723;303561;162
17/02/2025;0063106;21;0;77;ERRO;25426378;25426300;77;500;03/07/2025 08:00;3;2;8;4114;2722;SVK-0B52;81;76155;71497;4658
17/02/2025;0063667;27;229;182;ERRO;6973975;6973793;182;500;03/07/2025 08:00;110;4;62;null;2554;GHJ-6E92;null;237976;237619;357
17/02/2025;0063093;21;77;0;ERRO;null;null;null;500;03/07/2025 08:00;3;2;8;4114;2738;STP-7A64;81;76155;76155;0
18/02/2025;0063036;21;245;180;ERRO;20317330;20317150;180;600;03/07/2025 08:00;3;2;9;null;1588;FQS-7282;null;755359;755124;235
18/02/2025;0063065;21;266;203;ERRO;20320857;20320654;203;600;03/07/2025 08:00;3;2;9;null;1872;EFW-0083;null;657605;657309;296
18/02/2025;0063071;21;51;8;ERRO;10591423;10591415;8;600;03/07/2025 08:00;1;1;51;null;1878;EFW-0084;null;599450;599450;0
18/02/2025;0064318;21;140;0;ERRO;null;null;null;600;03/07/2025 07:59;109;10;36;2456;2038;FNY-8823;58;399578;399384;194
18/02/2025;0064398;21;131;0;ERRO;null;null;null;500;03/07/2025 07:59;109;10;36;2456;2232;EEO-3832;58;349782;349605;177
19/02/2025;0063360;21;131;40;ERRO;13827756;13827716;40;600;03/07/2025 07:59;2;3;28;null;2087;ELA-7472;null;473736;473736;0
19/02/2025;0063274;21;136;2;ERRO;13827911;13827910;2;600;03/07/2025 07:59;2;3;28;null;2324;null;null;399634;399634;0
19/02/2025;0064481;21;170;0;ERRO;null;null;null;500;03/07/2025 07:59;109;10;43;2456;2438;EXN-8J03;58;268201;267972;229
19/02/2025;0064467;21;115;0;ERRO;null;null;null;500;03/07/2025 07:59;109;10;43;2456;2424;EXV-1B28;58;270406;270269;137
19/02/2025;0064624;21;161;0;ERRO;null;null;null;500;03/07/2025 07:59;109;10;43;2456;2463;FRO-0012;58;235537;235333;204
19/02/2025;0064460;21;170;0;ERRO;null;null;null;500;03/07/2025 07:59;109;10;43;2456;2417;GAH-7E76;58;325801;325573;228
19/02/2025;0064618;21;184;75;ERRO;30164296;30164221;75;500;03/07/2025 07:59;109;10;43;null;2457;BXD-1H24;null;337634;337342;292
19/02/2025;0064463;21;161;97;ERRO;30167184;30167087;97;500;03/07/2025 07:59;109;10;43;2456;2420;GJL-9C77;58;303979;303723;256
19/02/2025;0064294;21;150;0;ERRO;null;null;null;400;03/07/2025 07:59;109;10;36;2456;2587;null;58;146894;146675;219
20/02/2025;0064419;21;190;0;ERRO;null;null;null;500;03/07/2025 07:59;109;10;36;2456;2250;EEI-6032;58;393861;393522;339
21/02/2025;0064237;21;151;0;ERRO;null;null;null;600;03/07/2025 07:59;109;10;43;2456;1443;FCI-9360;58;651128;650885;243
21/02/2025;0064265;21;120;0;ERRO;null;null;null;600;03/07/2025 07:59;109;10;36;2456;2308;GDM-2D48;58;188317;188132;185
21/02/2025;0063230;21;68;0;ERRO;13834745;13834745;0;600;03/07/2025 07:59;2;3;28;null;2128;FZB-5010;null;594006;593790;216
21/02/2025;0064487;21;164;0;ERRO;null;null;null;500;03/07/2025 07:59;109;10;36;2456;2444;FXK-1C65;58;323126;322901;225
21/02/2025;0064468;21;130;0;ERRO;null;null;null;500;03/07/2025 07:59;109;10;36;2456;2425;DWP-7F89;58;288922;288701;221
22/02/2025;0063590;21;100;0;ERRO;13835990;13835990;0;250;03/07/2025 07:59;2;3;28;4124;727;GIM-8138;110;360342;360184;158
22/02/2025;0063601;21;53;0;ERRO;13834924;13834923;0;250;03/07/2025 07:59;2;3;28;null;738;GBD-1D01;null;369738;369531;207
22/02/2025;0063002;21;211;140;ERRO;20358637;20358497;140;600;03/07/2025 08:00;3;2;9;null;1522;FIM-9883;null;756018;755775;243
22/02/2025;0063220;21;103;0;ERRO;13834923;13834923;0;600;03/07/2025 07:59;2;3;28;4124;1420;FFN-6690;110;684687;684687;0
22/02/2025;0063357;21;130;2;ERRO;13835533;13835531;2;600;03/07/2025 07:59;2;3;28;null;2085;ENU-9335;null;365247;365046;201
22/02/2025;0063632;21;53;1;ERRO;13835857;13835856;1;500;03/07/2025 07:59;2;3;28;null;2471;FRO-0020;null;309392;309087;305
22/02/2025;0063367;21;160;0;ERRO;13835447;13835446;0;600;03/07/2025 07:59;2;3;28;null;2199;EEY-5977;null;463772;463772;0
22/02/2025;0064400;21;165;0;ERRO;null;null;null;500;03/07/2025 07:59;109;10;36;2456;2234;EPA-3284;58;369861;369861;0
22/02/2025;0064463;21;100;0;ERRO;null;null;null;500;03/07/2025 07:59;109;10;43;2456;2420;GJL-9C77;58;304756;304567;189
22/02/2025;0064465;21;120;0;ERRO;null;null;null;500;03/07/2025 07:59;109;10;43;2456;2422;GIU-7G18;58;289435;289199;236
22/02/2025;0063279;21;108;0;ERRO;13835447;13835447;0;350;03/07/2025 07:59;2;3;28;null;2776;null;null;584545;584274;271
22/02/2025;0063280;21;128;0;ERRO;13835995;13835995;0;350;03/07/2025 07:59;2;3;28;null;2777;null;null;575346;575346;0
23/02/2025;0063598;21;289;214;ERRO;29340155;29339940;214;250;03/07/2025 08:00;1;1;31;null;735;GGJ-0133;null;393716;393279;437
23/02/2025;0063447;21;145;100;ERRO;26525674;26525573;100;500;03/07/2025 08:00;1;1;1;null;2404;GAL-9H04;null;334099;333898;201
24/02/2025;0063123;21;246;110;ERRO;29345487;29345377;110;500;03/07/2025 08:00;1;1;31;null;2446;FWY-6A50;null;588335;588047;288
24/02/2025;0064620;21;90;51;ERRO;30212628;30212577;51;500;03/07/2025 07:59;109;10;43;null;2459;FPD-6A93;null;250862;250750;112
24/02/2025;0064465;21;284;215;ERRO;22182847;22182631;215;500;03/07/2025 07:59;109;10;36;null;2422;GIU-7G18;null;289830;289435;395
24/02/2025;0002306;27;124;0;ERRO;null;null;null;310;03/07/2025 07:59;5;5;14;3618;2642;null;95;119641;119641;0
25/02/2025;0064237;21;140;0;ERRO;null;null;null;600;03/07/2025 07:59;109;10;43;2456;1443;FCI-9360;58;651563;651341;222
25/02/2025;0063169;21;135;0;ERRO;null;null;null;500;03/07/2025 08:00;1;1;31;4114;1769;FJY-1009;81;541574;541356;218
25/02/2025;0063196;21;0;135;ERRO;29360319;29360185;135;600;03/07/2025 08:00;1;1;31;4114;2115;GIV-5079;81;541574;534705;6869
25/02/2025;0064484;21;131;0;ERRO;null;null;null;500;03/07/2025 07:59;109;10;36;2456;2441;FHO-9J54;58;344728;344541;187
25/02/2025;0002344;27;89;0;ERRO;null;null;null;400;03/07/2025 08:00;7;6;24;1819;2678;null;51;64388;64388;0
25/02/2025;0064300;21;143;0;ERRO;null;null;null;400;03/07/2025 07:59;109;10;36;2456;2593;null;58;145189;144992;197
26/02/2025;0064463;21;141;0;ERRO;null;null;null;500;03/07/2025 07:59;109;10;43;2456;2420;GJL-9C77;58;305426;305203;223
27/02/2025;0063584;21;0;0;ERRO;13842554;13842553;0;600;03/07/2025 07:59;2;3;28;4124;721;GHR-7013;110;486416;486499;-83
27/02/2025;0063027;21;191;0;ERRO;null;null;null;500;03/07/2025 08:00;1;1;51;4114;56;FUD-5881;81;747974;747758;216
27/02/2025;0063019;21;0;57;ERRO;25520877;25520821;57;500;03/07/2025 08:00;3;2;8;2676;101;FCN-0669;60;615945;786608;-170663
27/02/2025;0063035;21;238;0;ERRO;null;null;null;600;03/07/2025 08:00;1;1;51;4114;1595;FLT-5921;81;745600;745371;229
27/02/2025;0063015;21;57;0;ERRO;null;null;null;600;03/07/2025 08:00;3;2;8;2676;1535;FOR-6115;60;615945;615945;0
27/02/2025;0064125;21;138;0;ERRO;null;null;null;300;03/07/2025 07:59;109;10;36;2751;1702;GDU-7888;112;615140;615140;0
27/02/2025;0064425;21;135;0;ERRO;null;null;null;600;03/07/2025 07:59;109;10;36;4119;1637;ENZ-9444;107;404050;403849;201
27/02/2025;0064265;21;128;0;ERRO;null;null;null;600;03/07/2025 07:59;109;10;36;2751;2308;GDM-2D48;112;189345;189120;225
27/02/2025;0064467;21;165;0;ERRO;null;null;null;500;03/07/2025 07:59;109;10;43;2456;2424;EXV-1B28;58;271318;271090;228
28/02/2025;0064237;21;127;0;ERRO;null;null;null;600;03/07/2025 07:59;109;10;43;2456;1443;FCI-9360;58;652102;651957;145
28/02/2025;0064262;21;176;0;ERRO;null;null;null;600;03/07/2025 07:59;109;10;43;2456;2305;GJV-7C16;58;242004;241738;266
01/03/2025;0063643;21;161;72;ERRO;29397529;29397457;72;500;03/07/2025 08:00;1;1;31;null;2519;ENN-0F86;null;244092;243840;252
02/03/2025;0063118;21;0;0;ERRO;25540153;25540152;0;600;03/07/2025 08:00;3;2;8;2676;2107;FQT-3771;60;395896;702846;-306950
02/03/2025;0002004;27;0;110;ERRO;1917238;1917128;110;300;03/07/2025 08:00;7;6;66;1819;2363;null;51;486169;486169;0
02/03/2025;0064618;21;118;67;ERRO;22224747;22224680;67;500;03/07/2025 07:59;109;10;36;null;2457;BXD-1H24;null;340182;339922;260
03/03/2025;0063025;21;129;50;ERRO;29406281;29406231;50;600;03/07/2025 08:00;1;1;31;null;1545;FHN-7339;null;786320;786320;0
03/03/2025;0064415;21;185;0;ERRO;30284337;30284337;0;500;03/07/2025 07:59;109;10;43;2456;2246;ENZ-4613;58;413543;413259;284
04/03/2025;0063638;21;72;0;ERRO;13848382;13848382;0;500;03/07/2025 07:59;2;3;28;null;2477;FRO-0026;null;285837;285837;0
05/03/2025;0063002;21;213;135;ERRO;20426267;20426132;135;600;03/07/2025 08:00;3;2;9;null;1522;FIM-9883;null;757439;757194;245
05/03/2025;0063223;21;0;163;ERRO;18758844;18758681;163;600;03/07/2025 07:59;2;3;29;4124;1401;FNA-1248;110;603495;710192;-106697
05/03/2025;0063076;21;100;15;ERRO;20421761;20421746;15;600;03/07/2025 08:00;3;2;9;null;1883;EFW-0086;null;619046;619046;0
05/03/2025;0063233;21;163;0;ERRO;null;null;null;600;03/07/2025 07:59;2;3;29;4124;2131;FRT-9442;110;603495;603282;213
06/03/2025;0063528;21;190;0;ERRO;null;null;null;600;03/07/2025 08:00;1;1;31;4114;768;EHS-9284;81;286338;286178;160
06/03/2025;0063057;21;297;228;ERRO;20427504;20427276;228;600;03/07/2025 08:00;3;2;9;null;1633;GBF-3938;null;687724;687439;285
06/03/2025;0064143;21;175;0;ERRO;null;null;null;300;03/07/2025 07:59;109;10;43;2456;1714;FMK-6554;58;616940;616709;231
06/03/2025;0064474;21;120;20;ERRO;30309673;30309653;20;500;03/07/2025 07:59;109;10;43;null;2431;BZF-9A18;null;264054;263864;190
06/03/2025;0064614;21;125;0;ERRO;null;null;null;500;03/07/2025 07:59;109;10;36;2456;2453;GCC-0G74;58;274528;274334;194
06/03/2025;0063538;21;0;190;ERRO;29432081;29431891;190;600;03/07/2025 08:00;1;1;31;4114;2395;GCV-3H75;81;286338;308891;-22553
06/03/2025;0064620;21;75;0;ERRO;null;null;null;500;03/07/2025 07:59;109;10;43;2456;2459;FPD-6A93;58;252837;252733;104
07/03/2025;0064237;21;140;0;ERRO;null;null;null;600;03/07/2025 07:59;109;10;43;2456;1443;FCI-9360;58;652531;652305;226
07/03/2025;0063042;21;178;8;ERRO;20442735;20442727;8;600;03/07/2025 08:00;3;2;9;2676;1598;FCL-7678;60;773708;773484;224
07/03/2025;0064317;21;237;45;ERRO;22249847;22249802;45;600;03/07/2025 07:59;109;10;36;null;2042;FMY-3982;null;384723;384370;353
07/03/2025;0064419;21;145;0;ERRO;null;null;null;500;03/07/2025 07:59;109;10;36;2456;2250;EEI-6032;58;396834;396614;220
07/03/2025;0064467;21;148;0;ERRO;null;null;null;500;03/07/2025 07:59;109;10;43;2456;2424;EXV-1B28;58;273023;272469;554
07/03/2025;0064623;21;135;3;ERRO;22250018;22250015;3;500;03/07/2025 07:59;109;10;36;null;2462;FOY-2B81;null;325042;324783;259
07/03/2025;0064627;21;168;0;ERRO;null;null;null;500;03/07/2025 07:59;109;10;36;2456;2465;ELN-0G95;58;287293;287077;216
07/03/2025;0064413;21;149;0;ERRO;null;null;null;500;03/07/2025 07:59;109;10;43;2456;2244;ERL-4099;58;463094;462888;206
07/03/2025;0064472;21;158;0;ERRO;null;null;null;500;03/07/2025 07:59;109;10;43;2456;2429;EJU-4J21;58;332866;332631;235
07/03/2025;0064476;21;164;0;ERRO;null;null;null;500;03/07/2025 07:59;109;10;43;2456;2433;DMW-4F19;58;271305;271305;0
08/03/2025;0063031;21;142;0;ERRO;null;null;null;600;03/07/2025 08:00;3;2;8;4114;1587;FYV-0052;81;671924;671777;147
08/03/2025;0064451;21;152;0;ERRO;null;null;null;500;03/07/2025 07:59;109;10;36;2456;2408;GGT-1D91;58;327261;327017;244
08/03/2025;0064266;21;114;0;ERRO;null;null;null;600;03/07/2025 07:59;109;10;36;2456;2313;GCC-6F81;58;366701;366526;175
08/03/2025;0063568;21;144;84;ERRO;25590159;25590075;84;500;03/07/2025 08:00;3;2;8;null;2754;SUK-1L45;null;71236;71236;0
08/03/2025;0064300;21;144;0;ERRO;null;null;null;400;03/07/2025 07:59;109;10;36;2456;2593;null;58;147221;147024;197
09/03/2025;0063694;21;250;0;ERRO;null;null;null;250;03/07/2025 08:00;3;2;52;4124;106;DTE-1668 TREINAM;110;731349;731130;219
09/03/2025;0063037;21;218;156;ERRO;26629001;26628845;156;600;03/07/2025 08:00;1;1;1;null;1589;FVC-8963;null;786988;786779;209
09/03/2025;0063032;21;63;17;ERRO;20449055;20449038;17;600;03/07/2025 08:00;3;2;9;null;1593;FPO-1400;null;805378;805378;0
09/03/2025;0063015;21;108;41;ERRO;25591338;25591297;41;600;03/07/2025 08:00;3;2;8;null;1535;FOR-6115;null;617138;617138;0
09/03/2025;0063021;21;68;8;ERRO;29455344;29455335;8;600;03/07/2025 08:00;1;1;31;null;1541;FPV-5573;null;776030;776030;0
09/03/2025;0063121;21;113;59;ERRO;29455560;29455501;59;600;03/07/2025 08:00;1;1;31;null;2110;FSC-8503;null;655343;655343;0
09/03/2025;0064418;21;70;0;ERRO;null;null;null;500;03/07/2025 07:59;109;10;43;4114;2249;ETA-8761;81;402025;401919;106
09/03/2025;0063374;27;194;147;ERRO;7056046;7055899;147;600;03/07/2025 08:00;110;4;62;null;2209;FXI-0448;null;422696;422403;293
09/03/2025;0006307;21;558;0;ERRO;null;null;null;800;03/07/2025 08:00;3;2;52;null;2278;FYS-1793;null;263430;263430;0
09/03/2025;0063379;21;154;104;ERRO;29458973;29458869;104;600;03/07/2025 08:00;1;1;31;4114;2213;EAO-4483;81;399725;399492;233
09/03/2025;0063658;21;201;158;ERRO;21811290;21811132;158;600;03/07/2025 07:59;2;3;27;null;2545;GGH-8H65;null;230754;230453;301
09/03/2025;0063297;21;170;123;ERRO;22264390;22264267;123;400;03/07/2025 07:59;109;10;36;null;2590;null;null;149272;149018;254
10/03/2025;0063036;21;465;415;ERRO;29463980;29463565;415;600;03/07/2025 08:00;1;1;31;null;1588;FQS-7282;null;759578;759132;446
10/03/2025;0063044;21;398;355;ERRO;25600032;25599676;355;600;03/07/2025 08:00;3;2;8;null;1600;FPI-7660;null;690065;689683;382
10/03/2025;0063045;21;402;316;ERRO;25600609;25600293;316;600;03/07/2025 08:00;3;2;8;null;1601;FYH-1341;null;764355;763969;386
10/03/2025;0006404;21;250;0;ERRO;null;null;null;615;03/07/2025 07:59;109;10;43;2456;1141;EZL-0178;58;454562;454562;0
10/03/2025;0063241;21;90;0;ERRO;13856725;13856725;0;600;03/07/2025 07:59;2;3;28;null;1412;FKJ-9822;null;631515;631515;0
10/03/2025;0064155;21;230;176;ERRO;30339998;30339822;176;300;03/07/2025 07:59;109;10;43;null;1740;GAB-8332;null;535977;535666;311
10/03/2025;0063038;21;234;163;ERRO;20455434;20455272;163;600;03/07/2025 08:00;3;2;9;null;1668;FKM-2364;null;716830;716605;225
10/03/2025;0063071;21;179;119;ERRO;26634269;26634149;119;600;03/07/2025 08:00;1;1;1;null;1878;EFW-0084;null;602153;601963;190
10/03/2025;0063336;21;130;47;ERRO;18788123;18788076;47;600;03/07/2025 07:59;2;3;29;null;2066;GEL-1043;null;465556;465352;204
10/03/2025;0063199;21;61;18;ERRO;29470158;29470140;18;600;03/07/2025 08:00;1;1;31;null;2117;GDG-0238;null;539374;539374;0
10/03/2025;0063233;21;52;9;ERRO;13856561;13856551;9;600;03/07/2025 07:59;2;3;28;4124;2131;FRT-9442;110;604170;604170;0
10/03/2025;0064320;21;124;30;ERRO;30344941;30344911;30;600;03/07/2025 07:59;109;10;43;null;2040;FNK-4206;null;443240;442987;253
10/03/2025;0063363;21;102;59;ERRO;29465358;29465299;59;600;03/07/2025 08:00;1;1;31;null;2158;EEE-6535;null;427891;427734;157
10/03/2025;0063447;21;148;73;ERRO;13856800;13856727;73;500;03/07/2025 07:59;2;3;28;null;2404;GAL-9H04;null;337433;337227;206
10/03/2025;0064613;21;277;218;ERRO;30340216;30339998;218;500;03/07/2025 07:59;109;10;43;null;2452;EKE-9F91;null;277854;277469;385
10/03/2025;0064416;21;49;0;ERRO;22267528;22267528;0;500;03/07/2025 07:59;109;10;36;null;2247;EOC-6991;null;430628;430628;0
10/03/2025;0064388;21;150;49;ERRO;30344407;30344358;49;500;03/07/2025 07:59;109;10;43;2456;2223;END-3876;58;371230;371024;206
10/03/2025;0063281;21;149;105;ERRO;29462981;29462876;105;350;03/07/2025 08:00;1;1;31;null;2778;null;null;558426;558216;210
11/03/2025;0006301;21;238;0;ERRO;null;null;null;275;03/07/2025 08:00;3;2;52;4114;974;EZL-0212;81;228502;228502;0
11/03/2025;0000900;27;0;74;ERRO;1942232;1942158;74;300;03/07/2025 08:00;7;6;66;1802;410;KFI-9636;100;9000;9000;0
11/03/2025;0063055;21;293;240;ERRO;20457630;20457390;240;600;03/07/2025 08:00;3;2;9;null;1631;GBG-7270;null;732051;731770;281
11/03/2025;0006303;21;512;0;ERRO;null;null;null;600;03/07/2025 08:00;3;2;52;2676;2448;GED-6G65;60;116855;116855;0
11/03/2025;0063643;21;131;1;ERRO;13857279;13857278;1;500;03/07/2025 07:59;2;3;28;null;2519;ENN-0F86;null;245857;245652;205
11/03/2025;0063234;27;253;206;ERRO;7064396;7064191;206;600;03/07/2025 08:00;110;4;62;4124;2132;FWL-4188;110;617267;616920;347
11/03/2025;0063379;21;138;62;ERRO;26638614;26638552;62;600;03/07/2025 08:00;1;1;1;null;2213;EAO-4483;null;399993;399993;0
12/03/2025;0006301;21;188;0;ERRO;null;null;null;275;03/07/2025 08:00;3;2;52;4114;974;EZL-0212;81;228393;228502;-109
12/03/2025;0063562;21;219;157;ERRO;10636293;10636136;157;600;03/07/2025 08:00;1;1;51;null;657;FCI-2521;null;77761;77466;295
12/03/2025;0063523;21;126;0;ERRO;29487200;29487200;0;600;03/07/2025 08:00;1;1;31;4114;764;EKG-8945;81;289055;289059;-4
12/03/2025;0063528;21;0;126;ERRO;29487325;29487200;126;600;03/07/2025 08:00;1;1;31;4114;768;EHS-9284;81;289055;287479;1576
12/03/2025;0064237;21;138;0;ERRO;null;null;null;600;03/07/2025 07:59;109;10;43;2456;1443;FCI-9360;58;653371;653148;223
12/03/2025;0064237;21;141;0;ERRO;null;null;null;600;03/07/2025 07:59;109;10;36;2456;1443;FCI-9360;58;653148;652921;227
12/03/2025;0063694;21;193;0;ERRO;null;null;null;250;03/07/2025 08:00;3;2;52;2676;106;DTE-1668 TREINAM;60;731349;731349;0
12/03/2025;0063002;21;63;6;ERRO;25614992;25614986;6;600;03/07/2025 08:00;3;2;8;null;1522;FIM-9883;null;758399;758399;0
12/03/2025;0063036;21;201;130;ERRO;20470625;20470494;130;600;03/07/2025 08:00;3;2;9;null;1588;FQS-7282;null;759997;759804;193
12/03/2025;0063044;21;245;158;ERRO;20468557;20468399;158;600;03/07/2025 08:00;3;2;9;null;1600;FPI-7660;null;690539;690304;235
12/03/2025;0063216;21;170;114;ERRO;21827403;21827289;114;600;03/07/2025 07:59;2;3;27;null;1396;FFN-6687;null;785102;784850;252
12/03/2025;0063025;21;186;124;ERRO;10638047;10637923;124;600;03/07/2025 08:00;1;1;51;4114;1545;FHN-7339;81;786986;786768;218
12/03/2025;0063071;21;216;131;ERRO;20477340;20477209;131;600;03/07/2025 08:00;3;2;9;null;1878;EFW-0084;null;602573;602344;229
12/03/2025;0063122;21;129;90;ERRO;10637690;10637599;90;600;03/07/2025 08:00;1;1;51;null;2111;FUX-2579;null;568074;567917;157
12/03/2025;0063363;21;101;3;ERRO;13857985;13857982;3;600;03/07/2025 07:59;2;3;28;null;2158;EEE-6535;null;428483;428483;0
12/03/2025;0064439;21;126;0;ERRO;null;null;null;600;03/07/2025 07:59;109;10;43;2456;2297;GFV-6582;58;119542;119331;211
12/03/2025;0063259;27;123;29;ERRO;1215669;1215640;29;600;03/07/2025 08:00;110;4;63;null;2301;GEM-3415;null;459641;459641;0
12/03/2025;0063337;21;94;0;ERRO;null;null;null;600;03/07/2025 07:59;2;3;28;4124;2067;FXV-5776;110;499682;499520;162
12/03/2025;0064346;21;139;0;ERRO;30357027;30357027;0;600;03/07/2025 07:59;109;10;43;null;2070;GEX-3359;null;443695;443498;197
12/03/2025;0064484;21;147;0;ERRO;null;null;null;500;03/07/2025 07:59;109;10;36;2456;2441;FHO-9J54;58;347505;347268;237
12/03/2025;0063123;21;209;148;ERRO;26645311;26645162;148;500;03/07/2025 08:00;1;1;1;null;2446;FWY-6A50;null;590996;590751;245
12/03/2025;0064389;21;151;0;ERRO;null;null;null;500;03/07/2025 07:59;109;10;43;2456;2226;ENN-9766;58;376116;375922;194
12/03/2025;0064396;21;142;0;ERRO;null;null;null;500;03/07/2025 07:59;109;10;36;2456;2231;EUU-6601;58;381443;381225;218
12/03/2025;0064455;21;141;0;ERRO;null;null;null;500;03/07/2025 07:59;109;10;36;2456;2412;GEE-9I36;58;345593;345366;227
12/03/2025;0064473;21;207;0;ERRO;null;null;null;500;03/07/2025 07:59;109;10;43;2456;2430;DIL-8G59;58;322465;322132;333
12/03/2025;0064476;21;165;0;ERRO;null;null;null;500;03/07/2025 07:59;109;10;43;2456;2433;DMW-4F19;58;272447;272202;245
12/03/2025;0063658;21;180;125;ERRO;18801941;18801816;125;600;03/07/2025 07:59;2;3;29;null;2545;GGH-8H65;null;231726;231456;270
12/03/2025;0063664;21;41;21;ERRO;21830206;21830186;21;500;03/07/2025 07:59;2;3;27;null;2551;GKA-1C94;null;221580;221516;64
13/03/2025;0063007;21;261;201;ERRO;20481144;20480943;201;500;03/07/2025 08:00;3;2;9;null;640;FCI-2378;null;770626;770340;286
13/03/2025;0063647;21;144;0;ERRO;13858671;13858671;0;500;03/07/2025 07:59;2;3;28;null;2522;GHQ-5D77;null;267599;267599;0
13/03/2025;0063107;21;219;150;ERRO;29490652;29490501;150;600;03/07/2025 08:00;1;1;31;null;2598;null;null;172938;172656;282
14/03/2025;0064237;21;63;0;ERRO;null;null;null;600;03/07/2025 07:59;109;10;43;2456;1443;FCI-9360;58;653473;653371;102
14/03/2025;0064261;21;150;0;ERRO;null;null;null;600;03/07/2025 07:59;109;10;36;2456;2304;GBZ-0B47;58;325076;324857;219
14/03/2025;0064467;21;165;0;ERRO;null;null;null;500;03/07/2025 07:59;109;10;43;2456;2424;EXV-1B28;58;273872;273643;229
14/03/2025;0063632;27;180;0;ERRO;null;null;null;500;03/07/2025 08:00;110;4;62;4124;2471;FRO-0020;110;314312;314017;295
14/03/2025;0064153;21;156;0;ERRO;null;null;null;300;03/07/2025 07:59;109;10;43;2456;1734;GCY-2698;58;653267;653065;202
14/03/2025;0064442;21;162;0;ERRO;null;null;null;500;03/07/2025 07:59;109;10;36;2456;2387;GHI-8H27;58;333220;332972;248
14/03/2025;0064486;21;142;0;ERRO;null;null;null;500;03/07/2025 07:59;109;10;36;2456;2443;FYZ-6C05;58;343729;343508;221
15/03/2025;0063558;21;0;33;ERRO;29510654;29510621;33;600;03/07/2025 08:00;1;1;31;4114;2152;FBV-8579;81;43157;75926;-32769
15/03/2025;0063559;21;33;0;ERRO;null;null;null;600;03/07/2025 08:00;1;1;31;4114;2153;FHO-9067;81;43157;43157;0
15/03/2025;0064467;21;170;0;ERRO;null;null;null;500;03/07/2025 07:59;109;10;43;2456;2424;EXV-1B28;58;274330;274162;168
16/03/2025;0063310;21;0;151;ERRO;26673786;26673635;151;600;03/07/2025 08:00;1;1;1;4114;1750;FVY-1512;81;196233;471511;-275278
16/03/2025;0063110;21;151;0;ERRO;null;null;null;600;03/07/2025 08:00;1;1;1;4114;2601;null;81;186233;186025;208
19/03/2025;0063525;21;0;120;ERRO;18845901;18845781;120;600;03/07/2025 07:59;2;3;29;4124;766;EXX-6154;110;496441;267449;228992
19/03/2025;0063031;21;253;0;ERRO;null;null;null;600;03/07/2025 08:00;1;1;31;4114;1587;FYV-0052;81;673947;673728;219
19/03/2025;0063061;21;0;253;ERRO;29544827;29544574;253;600;03/07/2025 08:00;1;1;31;4114;1868;FFN-3524;81;673947;690216;-16269
19/03/2025;0063325;21;120;0;ERRO;null;null;null;600;03/07/2025 07:59;2;3;29;4124;2055;GJQ-8566;110;496441;496282;159
20/03/2025;0064438;21;0;153;ERRO;29551229;29551076;153;600;03/07/2025 08:00;1;1;31;4114;2296;GHB-5252;81;408107;295687;112420
20/03/2025;0064384;21;153;0;ERRO;null;null;null;500;03/07/2025 08:00;1;1;31;4114;2222;EXN-9663;81;402107;401900;207
21/03/2025;0002801;27;131;0;ERRO;null;null;null;300;03/07/2025 07:59;5;5;14;1820;1961;null;101;665679;665679;0
21/03/2025;0063378;27;200;125;ERRO;7101681;7101556;125;500;03/07/2025 08:00;110;4;62;null;2215;ELL-9653;null;387009;386693;316
21/03/2025;0064384;27;134;0;ERRO;null;null;null;500;03/07/2025 08:00;110;4;62;4124;2222;EXN-9663;110;402360;402360;0
22/03/2025;0064127;21;1;0;ERRO;null;null;null;300;03/07/2025 08:00;3;2;52;2696;1700;GJW-6259;54;603102;602861;241
22/03/2025;0002811;27;103;236;ERRO;18733978;18733742;236;300;03/07/2025 07:59;5;5;14;null;1973;null;null;359191;358993;198
25/03/2025;0064265;21;132;0;ERRO;22352984;22352984;0;600;03/07/2025 07:59;109;10;36;null;2308;GDM-2D48;null;193906;193682;224
25/03/2025;0063628;21;1;0;ERRO;29574951;29574951;0;500;03/07/2025 08:00;1;1;31;4114;2466;FRO-0016;81;283359;283359;0
26/03/2025;0063634;27;178;8;ERRO;7119658;7119651;8;500;03/07/2025 08:00;110;4;62;null;2473;FRO-0022;null;301614;301366;248
28/03/2025;0063223;21;0;142;ERRO;18903732;18903589;142;600;03/07/2025 07:59;2;3;29;4124;1401;FNA-1248;110;607179;713145;-105966
28/03/2025;0063031;21;234;0;ERRO;null;null;null;600;03/07/2025 08:00;1;1;31;4114;1587;FYV-0052;81;675408;675189;219
28/03/2025;0063061;21;0;234;ERRO;29603890;29603656;234;600;03/07/2025 08:00;1;1;31;4114;1868;FFN-3524;81;675408;692370;-16962
28/03/2025;0063233;21;142;0;ERRO;null;null;null;600;03/07/2025 07:59;2;3;29;4124;2131;FRT-9442;110;607179;606975;204
02/04/2025;0063182;21;174;0;ERRO;null;null;null;500;03/07/2025 08:00;3;2;9;2676;1786;GAV-4282;60;540800;540518;282
02/04/2025;0063082;21;0;174;ERRO;20635675;20635501;174;500;03/07/2025 08:00;3;2;9;2676;2701;SSU0-G30;60;80151;80151;0
04/04/2025;0063525;21;0;200;ERRO;20660305;20660105;200;600;03/07/2025 08:00;3;2;9;2676;766;EXX-6154;60;422574;269552;153022
04/04/2025;0063535;21;200;0;ERRO;null;null;null;600;03/07/2025 08:00;3;2;9;4114;2398;GDE-6J15;81;305174;304987;187
16/04/2025;0002819;27;85;0;ERRO;null;null;null;300;03/07/2025 08:00;7;6;65;1802;1982;null;100;0;0;0
16/04/2025;0002457;27;0;139;ERRO;2295839;2295700;139;400;03/07/2025 08:00;7;6;65;null;2662;null;null;377038;376933;105
17/04/2025;0002914;27;0;88;ERRO;2867176;2867088;88;300;03/07/2025 07:59;5;5;67;3618;2176;null;95;523336;523336;0
25/04/2025;0002957;27;0;30;ERRO;2909135;2909106;30;300;03/07/2025 07:59;5;5;67;null;2494;null;null;426921;null;null
25/04/2025;0002957;27;80;0;ERRO;null;null;null;300;03/07/2025 07:59;5;5;67;4437;2494;null;113;426718;426718;0
26/04/2025;0063569;21;0;146;ERRO;19056414;19056268;146;600;03/07/2025 07:59;2;3;29;4124;664;FFQ-7452;110;307230;211714;95516
26/04/2025;0063596;21;146;0;ERRO;null;null;null;250;03/07/2025 07:59;2;3;29;4124;733;GAH-2918;110;307230;306980;250
05/05/2025;0002306;27;140;0;ERRO;null;null;null;310;03/07/2025 07:59;5;5;67;3618;2642;null;95;131519;131519;0
09/05/2025;63000;21;0;17;ERRO;10815718;10815701;17;500;03/07/2025 08:00;1;1;51;4114;2672;GEREADOR;81;0;0;0
11/05/2025;0002348;27;154;0;ERRO;null;null;null;300;03/07/2025 08:00;7;6;24;1820;2690;null;101;79208;79208;0
12/05/2025;0002927;27;74;0;ERRO;null;null;null;300;03/07/2025 08:00;7;6;64;1820;2281;null;101;473295;473295;0
15/05/2025;0063694;21;120;0;ERRO;null;null;null;250;03/07/2025 07:59;109;10;44;4114;106;DTE-1668 TREINAM;81;732878;732636;242
15/05/2025;63000;21;0;120;ERRO;10830039;10829920;120;500;03/07/2025 08:00;1;1;51;2676;2672;GEREADOR;60;732878;732878;0
15/05/2025;63000;21;0;120;ERRO;10830433;10830313;120;500;03/07/2025 08:00;1;1;51;4114;2672;GEREADOR;81;732878;732878;0
15/05/2025;63000;21;0;120;ERRO;10830552;10830433;120;500;03/07/2025 08:00;1;1;51;4114;2672;GEREADOR;81;732878;732878;0
21/05/2025;0006340;21;13;0;ERRO;null;null;null;300;03/07/2025 08:00;1;1;51;4114;1217;LFM-4013;81;621883;621883;0
21/05/2025;63000;21;0;13;ERRO;10847106;10847093;13;500;03/07/2025 08:00;1;1;51;4114;2672;GEREADOR;81;0;0;0
23/05/2025;0002515;27;143;0;ERRO;null;null;null;500;03/07/2025 08:00;7;6;65;1819;2887;null;51;32201;32201;0
31/05/2025;0063569;21;0;184;ERRO;13954892;13954709;184;600;03/07/2025 07:59;2;3;28;4124;664;FFQ-7452;110;315115;307230;7885
04/06/2025;0002810;27;77;0;ERRO;null;null;null;300;03/07/2025 07:59;5;5;14;3618;1970;null;95;416264;416264;0
04/06/2025;0002830;27;92;0;ERRO;null;null;null;300;03/07/2025 07:59;5;5;14;3618;1993;null;95;470553;470553;0
04/06/2025;0002919;27;120;213;ERRO;19137305;19137092;213;300;03/07/2025 07:59;5;5;14;null;2181;null;null;404326;404060;266
04/06/2025;0002958;27;100;0;ERRO;null;null;null;300;03/07/2025 07:59;5;5;14;3618;2495;null;95;436385;436385;0
06/06/2025;0002404;27;111;0;ERRO;null;null;null;500;03/07/2025 08:00;7;6;24;1819;2655;null;51;590285;590285;0
07/06/2025;0002826;27;81;0;ERRO;null;null;null;300;03/07/2025 07:59;5;5;14;3618;1989;null;95;450333;450333;0
07/06/2025;0002945;27;140;221;ERRO;19152566;19152345;221;300;03/07/2025 07:59;5;5;14;null;2263;null;null;365069;364774;295
08/06/2025;0002917;27;0;97;ERRO;19158754;19158658;97;300;03/07/2025 07:59;5;5;14;null;2179;alterado carto, retirado v0002917F3;null;446754;446588;166
09/06/2025;0002459;27;153;0;ERRO;null;null;null;450;03/07/2025 07:59;5;5;67;3618;2842;null;95;60290;60290;0
11/06/2025;0002364;27;112;213;ERRO;19179342;19179129;213;300;03/07/2025 07:59;5;5;14;null;2724;null;null;83698;83479;219
13/06/2025;0000900;27;0;67;ERRO;3205916;3205849;67;300;03/07/2025 07:59;5;5;67;1820;410;KFI-9636;101;2;214131;-214129
14/06/2025;0002901;27;116;0;ERRO;null;null;null;300;03/07/2025 07:59;5;5;14;1820;2189;null;101;351341;351341;0
14/06/2025;0002908;27;128;244;ERRO;19195458;19195215;244;300;03/07/2025 07:59;5;5;14;null;2191;null;null;336583;336347;236
17/06/2025;0002504;27;0;233;ERRO;2307962;2307729;233;500;03/07/2025 08:00;7;6;66;4881;2868;null;116;4;42473;-42469
22/06/2025;0002980;27;0;88;ERRO;2331314;2331227;88;300;03/07/2025 08:00;7;6;66;1819;2517;null;51;508550;508550;0
24/06/2025;0002922;27;0;0;ERRO;2546404;2546404;0;300;03/07/2025 08:00;7;6;65;null;2384;null;null;502372;502335;37
27/06/2025;0002727;27;0;20;ERRO;3283877;3283857;20;300;03/07/2025 07:59;5;5;67;null;2896;null;null;579609;579609;0
30/06/2025;0063044;21;0;42;ERRO;26443742;26443699;42;600;03/07/2025 08:00;3;2;8;2676;1600;FPI-7660;60;708139;708139;0
30/06/2025;0063044;21;0;42;ERRO;26443986;26443944;42;600;03/07/2025 08:00;3;2;8;2676;1600;FPI-7660;60;708139;708139;0
30/06/2025;0063044;21;0;41;ERRO;26443782;26443742;41;600;03/07/2025 08:00;3;2;8;2676;1600;FPI-7660;60;708139;708139;0
30/06/2025;0063096;21;0;41;ERRO;26444111;26444070;41;500;03/07/2025 08:00;3;2;8;2676;2715;SVD-3B23;60;101311;101311;0
30/06/2025;0063096;21;0;42;ERRO;26444235;26444192;42;500;03/07/2025 08:00;3;2;8;2676;2715;SVD-3B23;60;101311;101311;0
30/06/2025;0063096;21;0;40;ERRO;26444151;26444111;40;500;03/07/2025 08:00;3;2;8;2676;2715;SVD-3B23;60;101311;101311;0
30/06/2025;0063096;21;0;43;ERRO;26444070;26444028;43;500;03/07/2025 08:00;3;2;8;2676;2715;SVD-3B23;60;101311;101311;0
30/06/2025;0063096;21;0;41;ERRO;26444192;26444151;41;500;03/07/2025 08:00;3;2;8;2676;2715;SVD-3B23;60;101311;101311;0
30/06/2025;0063096;21;0;41;ERRO;26444275;26444235;41;500;03/07/2025 08:00;3;2;8;2676;2715;SVD-3B23;60;101311;101311;0
30/06/2025;0063096;21;0;42;ERRO;26444028;26443986;42;500;03/07/2025 08:00;3;2;8;2676;2715;SVD-3B23;60;101311;101207;104
01/07/2025;0002507;27;205;0;ERRO;null;null;null;550;03/07/2025 08:00;7;6;24;1819;2873;null;51;46863;46863;0
;;;;;;;;;;;;;;;;;;;;
;;;;;;;;;;;;;;;;;;;;
;;;;;;;;;;;;;;;;;;;;
;;;;;;;;;;;;;;;;;;;;
;;;;;;;;;;;;;;;;;;;;
;;;;;;;;;;;;;;;;;;;;
;;;;;;;;;;;;;;;;;;;;
;;;;;;;;;;;;;;;;;;;;
;;;;;;;;;;;;;;;;;;;;
;;;;;;;;;;;;;;;;;;;;
;;;;;;;;;;;;;;;;;;;;
;;;;;;;;;;;;;;;;;;;;
;;;;;;;;;;;;;;;;;;;;
;;;;;;;;;;;;;;;;;;;;
;;;;;;;;;;;;;;;;;;;;
;;;;;;;;;;;;;;;;;;;;
;;;;;;;;;;;;;;;;;;;;
;;;;;;;;;;;;;;;;;;;;
;;;;;;;;;;;;;;;;;;;;
;;;;;;;;;;;;;;;;;;;;
;;;;;;;;;;;;;;;;;;;;
;;;;;;;;;;;;;;;;;;;;
;;;;;;;;;;;;;;;;;;;;
;;;;;;;;;;;;;;;;;;;;
;;;;;;;;;;;;;;;;;;;;
;;;;;;;;;;;;;;;;;;;;
;;;;;;;;;;;;;;;;;;;;
;;;;;;;;;;;;;;;;;;;;
;;;;;;;;;;;;;;;;;;;;
;;;;;;;;;;;;;;;;;;;;
;;;;;;;;;;;;;;;;;;;;
;;;;;;;;;;;;;;;;;;;;
;;;;;;;;;;;;;;;;;;;;
;;;;;;;;;;;;;;;;;;;;
;;;;;;;;;;;;;;;;;;;;
;;;;;;;;;;;;;;;;;;;;
;;;;;;;;;;;;;;;;;;;;
;;;;;;;;;;;;;;;;;;;;
;;;;;;;;;;;;;;;;;;;;
;;;;;;;;;;;;;;;;;;;;
;;;;;;;;;;;;;;;;;;;;
;;;;;;;;;;;;;;;;;;;;
;;;;;;;;;;;;;;;;;;;;
;;;;;;;;;;;;;;;;;;;;
;;;;;;;;;;;;;;;;;;;;
;;;;;;;;;;;;;;;;;;;;
;;;;;;;;;;;;;;;;;;;;
;;;;;;;;;;;;;;;;;;;;
;;;;;;;;;;;;;;;;;;;;
;;;;;;;;;;;;;;;;;;;;
;;;;;;;;;;;;;;;;;;;;
;;;;;;;;;;;;;;;;;;;;
;;;;;;;;;;;;;;;;;;;;
;;;;;;;;;;;;;;;;;;;;
;;;;;;;;;;;;;;;;;;;;
;;;;;;;;;;;;;;;;;;;;
;;;;;;;;;;;;;;;;;;;;
;;;;;;;;;;;;;;;;;;;;
;;;;;;;;;;;;;;;;;;;;
;;;;;;;;;;;;;;;;;;;;
;;;;;;;;;;;;;;;;;;;;
;;;;;;;;;;;;;;;;;;;;
;;;;;;;;;;;;;;;;;;;;
;;;;;;;;;;;;;;;;;;;;
;;;;;;;;;;;;;;;;;;;;
;;;;;;;;;;;;;;;;;;;;
;;;;;;;;;;;;;;;;;;;;
;;;;;;;;;;;;;;;;;;;;
;;;;;;;;;;;;;;;;;;;;
;;;;;;;;;;;;;;;;;;;;
;;;;;;;;;;;;;;;;;;;;
;;;;;;;;;;;;;;;;;;;;
;;;;;;;;;;;;;;;;;;;;
;;;;;;;;;;;;;;;;;;;;
;;;;;;;;;;;;;;;;;;;;
;;;;;;;;;;;;;;;;;;;;
;;;;;;;;;;;;;;;;;;;;
;;;;;;;;;;;;;;;;;;;;
;;;;;;;;;;;;;;;;;;;;
;;;;;;;;;;;;;;;;;;;;
;;;;;;;;;;;;;;;;;;;;
;;;;;;;;;;;;;;;;;;;;
;;;;;;;;;;;;;;;;;;;;
;;;;;;;;;;;;;;;;;;;;
;;;;;;;;;;;;;;;;;;;;
;;;;;;;;;;;;;;;;;;;;
;;;;;;;;;;;;;;;;;;;;
;;;;;;;;;;;;;;;;;;;;
;;;;;;;;;;;;;;;;;;;;
;;;;;;;;;;;;;;;;;;;;
;;;;;;;;;;;;;;;;;;;;
;;;;;;;;;;;;;;;;;;;;
;;;;;;;;;;;;;;;;;;;;
;;;;;;;;;;;;;;;;;;;;
;;;;;;;;;;;;;;;;;;;;
;;;;;;;;;;;;;;;;;;;;
;;;;;;;;;;;;;;;;;;;;
;;;;;;;;;;;;;;;;;;;;
;;;;;;;;;;;;;;;;;;;;
;;;;;;;;;;;;;;;;;;;;
;;;;;;;;;;;;;;;;;;;;
;;;;;;;;;;;;;;;;;;;;
;;;;;;;;;;;;;;;;;;;;
;;;;;;;;;;;;;;;;;;;;
;;;;;;;;;;;;;;;;;;;;
;;;;;;;;;;;;;;;;;;;;
;;;;;;;;;;;;;;;;;;;;
;;;;;;;;;;;;;;;;;;;;
;;;;;;;;;;;;;;;;;;;;
;;;;;;;;;;;;;;;;;;;;
;;;;;;;;;;;;;;;;;;;;
;;;;;;;;;;;;;;;;;;;;
;;;;;;;;;;;;;;;;;;;;
;;;;;;;;;;;;;;;;;;;;
;;;;;;;;;;;;;;;;;;;;
;;;;;;;;;;;;;;;;;;;;
;;;;;;;;;;;;;;;;;;;;
;;;;;;;;;;;;;;;;;;;;
;;;;;;;;;;;;;;;;;;;;
;;;;;;;;;;;;;;;;;;;;
;;;;;;;;;;;;;;;;;;;;
;;;;;;;;;;;;;;;;;;;;
;;;;;;;;;;;;;;;;;;;;
;;;;;;;;;;;;;;;;;;;;
;;;;;;;;;;;;;;;;;;;;
;;;;;;;;;;;;;;;;;;;;
;;;;;;;;;;;;;;;;;;;;
;;;;;;;;;;;;;;;;;;;;
;;;;;;;;;;;;;;;;;;;;
;;;;;;;;;;;;;;;;;;;;
;;;;;;;;;;;;;;;;;;;;
;;;;;;;;;;;;;;;;;;;;
;;;;;;;;;;;;;;;;;;;;
;;;;;;;;;;;;;;;;;;;;
;;;;;;;;;;;;;;;;;;;;
;;;;;;;;;;;;;;;;;;;;
;;;;;;;;;;;;;;;;;;;;
;;;;;;;;;;;;;;;;;;;;
;;;;;;;;;;;;;;;;;;;;
;;;;;;;;;;;;;;;;;;;;
;;;;;;;;;;;;;;;;;;;;
;;;;;;;;;;;;;;;;;;;;
;;;;;;;;;;;;;;;;;;;;
;;;;;;;;;;;;;;;;;;;;
;;;;;;;;;;;;;;;;;;;;
;;;;;;;;;;;;;;;;;;;;
;;;;;;;;;;;;;;;;;;;;
;;;;;;;;;;;;;;;;;;;;
;;;;;;;;;;;;;;;;;;;;
;;;;;;;;;;;;;;;;;;;;
;;;;;;;;;;;;;;;;;;;;
;;;;;;;;;;;;;;;;;;;;
;;;;;;;;;;;;;;;;;;;;
;;;;;;;;;;;;;;;;;;;;
;;;;;;;;;;;;;;;;;;;;
;;;;;;;;;;;;;;;;;;;;
;;;;;;;;;;;;;;;;;;;;
;;;;;;;;;;;;;;;;;;;;
;;;;;;;;;;;;;;;;;;;;
;;;;;;;;;;;;;;;;;;;;
;;;;;;;;;;;;;;;;;;;;
;;;;;;;;;;;;;;;;;;;;
;;;;;;;;;;;;;;;;;;;;
;;;;;;;;;;;;;;;;;;;;
;;;;;;;;;;;;;;;;;;;;
;;;;;;;;;;;;;;;;;;;;
;;;;;;;;;;;;;;;;;;;;
;;;;;;;;;;;;;;;;;;;;
;;;;;;;;;;;;;;;;;;;;
;;;;;;;;;;;;;;;;;;;;
;;;;;;;;;;;;;;;;;;;;
;;;;;;;;;;;;;;;;;;;;
;;;;;;;;;;;;;;;;;;;;
;;;;;;;;;;;;;;;;;;;;
;;;;;;;;;;;;;;;;;;;;
;;;;;;;;;;;;;;;;;;;;
;;;;;;;;;;;;;;;;;;;;
;;;;;;;;;;;;;;;;;;;;
;;;;;;;;;;;;;;;;;;;;
;;;;;;;;;;;;;;;;;;;;
;;;;;;;;;;;;;;;;;;;;
;;;;;;;;;;;;;;;;;;;;
;;;;;;;;;;;;;;;;;;;;
;;;;;;;;;;;;;;;;;;;;
;;;;;;;;;;;;;;;;;;;;
;;;;;;;;;;;;;;;;;;;;
;;;;;;;;;;;;;;;;;;;;
;;;;;;;;;;;;;;;;;;;;
;;;;;;;;;;;;;;;;;;;;
;;;;;;;;;;;;;;;;;;;;
;;;;;;;;;;;;;;;;;;;;
;;;;;;;;;;;;;;;;;;;;
;;;;;;;;;;;;;;;;;;;;
;;;;;;;;;;;;;;;;;;;;
;;;;;;;;;;;;;;;;;;;;
;;;;;;;;;;;;;;;;;;;;
;;;;;;;;;;;;;;;;;;;;
;;;;;;;;;;;;;;;;;;;;
;;;;;;;;;;;;;;;;;;;;
;;;;;;;;;;;;;;;;;;;;
;;;;;;;;;;;;;;;;;;;;
;;;;;;;;;;;;;;;;;;;;
;;;;;;;;;;;;;;;;;;;;
;;;;;;;;;;;;;;;;;;;;
;;;;;;;;;;;;;;;;;;;;
;;;;;;;;;;;;;;;;;;;;
;;;;;;;;;;;;;;;;;;;;
;;;;;;;;;;;;;;;;;;;;
;;;;;;;;;;;;;;;;;;;;
;;;;;;;;;;;;;;;;;;;;
;;;;;;;;;;;;;;;;;;;;
;;;;;;;;;;;;;;;;;;;;
;;;;;;;;;;;;;;;;;;;;
;;;;;;;;;;;;;;;;;;;;
;;;;;;;;;;;;;;;;;;;;
;;;;;;;;;;;;;;;;;;;;
;;;;;;;;;;;;;;;;;;;;
;;;;;;;;;;;;;;;;;;;;
;;;;;;;;;;;;;;;;;;;;
;;;;;;;;;;;;;;;;;;;;
;;;;;;;;;;;;;;;;;;;;
;;;;;;;;;;;;;;;;;;;;
;;;;;;;;;;;;;;;;;;;;
;;;;;;;;;;;;;;;;;;;;
;;;;;;;;;;;;;;;;;;;;
;;;;;;;;;;;;;;;;;;;;
;;;;;;;;;;;;;;;;;;;;
;;;;;;;;;;;;;;;;;;;;
;;;;;;;;;;;;;;;;;;;;
;;;;;;;;;;;;;;;;;;;;
;;;;;;;;;;;;;;;;;;;;
;;;;;;;;;;;;;;;;;;;;
;;;;;;;;;;;;;;;;;;;;
;;;;;;;;;;;;;;;;;;;;
;;;;;;;;;;;;;;;;;;;;
;;;;;;;;;;;;;;;;;;;;
;;;;;;;;;;;;;;;;;;;;
;;;;;;;;;;;;;;;;;;;;
;;;;;;;;;;;;;;;;;;;;
;;;;;;;;;;;;;;;;;;;;
;;;;;;;;;;;;;;;;;;;;
;;;;;;;;;;;;;;;;;;;;
;;;;;;;;;;;;;;;;;;;;
;;;;;;;;;;;;;;;;;;;;
;;;;;;;;;;;;;;;;;;;;
;;;;;;;;;;;;;;;;;;;;
;;;;;;;;;;;;;;;;;;;;
;;;;;;;;;;;;;;;;;;;;
;;;;;;;;;;;;;;;;;;;;
;;;;;;;;;;;;;;;;;;;;
;;;;;;;;;;;;;;;;;;;;
;;;;;;;;;;;;;;;;;;;;
;;;;;;;;;;;;;;;;;;;;
;;;;;;;;;;;;;;;;;;;;
;;;;;;;;;;;;;;;;;;;;
;;;;;;;;;;;;;;;;;;;;
;;;;;;;;;;;;;;;;;;;;
;;;;;;;;;;;;;;;;;;;;
;;;;;;;;;;;;;;;;;;;;
;;;;;;;;;;;;;;;;;;;;
;;;;;;;;;;;;;;;;;;;;
;;;;;;;;;;;;;;;;;;;;
;;;;;;;;;;;;;;;;;;;;
;;;;;;;;;;;;;;;;;;;;
;;;;;;;;;;;;;;;;;;;;
;;;;;;;;;;;;;;;;;;;;
;;;;;;;;;;;;;;;;;;;;
;;;;;;;;;;;;;;;;;;;;
;;;;;;;;;;;;;;;;;;;;
;;;;;;;;;;;;;;;;;;;;
;;;;;;;;;;;;;;;;;;;;
;;;;;;;;;;;;;;;;;;;;
;;;;;;;;;;;;;;;;;;;;
;;;;;;;;;;;;;;;;;;;;
;;;;;;;;;;;;;;;;;;;;
;;;;;;;;;;;;;;;;;;;;
;;;;;;;;;;;;;;;;;;;;
;;;;;;;;;;;;;;;;;;;;
;;;;;;;;;;;;;;;;;;;;
;;;;;;;;;;;;;;;;;;;;
;;;;;;;;;;;;;;;;;;;;
;;;;;;;;;;;;;;;;;;;;
;;;;;;;;;;;;;;;;;;;;
;;;;;;;;;;;;;;;;;;;;
;;;;;;;;;;;;;;;;;;;;
;;;;;;;;;;;;;;;;;;;;
;;;;;;;;;;;;;;;;;;;;
;;;;;;;;;;;;;;;;;;;;
;;;;;;;;;;;;;;;;;;;;
;;;;;;;;;;;;;;;;;;;;
;;;;;;;;;;;;;;;;;;;;
;;;;;;;;;;;;;;;;;;;;
;;;;;;;;;;;;;;;;;;;;
;;;;;;;;;;;;;;;;;;;;
;;;;;;;;;;;;;;;;;;;;
;;;;;;;;;;;;;;;;;;;;
;;;;;;;;;;;;;;;;;;;;
;;;;;;;;;;;;;;;;;;;;
;;;;;;;;;;;;;;;;;;;;
;;;;;;;;;;;;;;;;;;;;
;;;;;;;;;;;;;;;;;;;;
;;;;;;;;;;;;;;;;;;;;
;;;;;;;;;;;;;;;;;;;;
;;;;;;;;;;;;;;;;;;;;
;;;;;;;;;;;;;;;;;;;;
;;;;;;;;;;;;;;;;;;;;
;;;;;;;;;;;;;;;;;;;;
;;;;;;;;;;;;;;;;;;;;
;;;;;;;;;;;;;;;;;;;;
;;;;;;;;;;;;;;;;;;;;
;;;;;;;;;;;;;;;;;;;;
;;;;;;;;;;;;;;;;;;;;
;;;;;;;;;;;;;;;;;;;;
;;;;;;;;;;;;;;;;;;;;
;;;;;;;;;;;;;;;;;;;;
;;;;;;;;;;;;;;;;;;;;
;;;;;;;;;;;;;;;;;;;;
;;;;;;;;;;;;;;;;;;;;
;;;;;;;;;;;;;;;;;;;;
;;;;;;;;;;;;;;;;;;;;
;;;;;;;;;;;;;;;;;;;;
;;;;;;;;;;;;;;;;;;;;
;;;;;;;;;;;;;;;;;;;;
;;;;;;;;;;;;;;;;;;;;
;;;;;;;;;;;;;;;;;;;;
;;;;;;;;;;;;;;;;;;;;
;;;;;;;;;;;;;;;;;;;;
;;;;;;;;;;;;;;;;;;;;
;;;;;;;;;;;;;;;;;;;;
;;;;;;;;;;;;;;;;;;;;
;;;;;;;;;;;;;;;;;;;;
;;;;;;;;;;;;;;;;;;;;
;;;;;;;;;;;;;;;;;;;;
;;;;;;;;;;;;;;;;;;;;
;;;;;;;;;;;;;;;;;;;;
;;;;;;;;;;;;;;;;;;;;
;;;;;;;;;;;;;;;;;;;;
;;;;;;;;;;;;;;;;;;;;
;;;;;;;;;;;;;;;;;;;;
;;;;;;;;;;;;;;;;;;;;
;;;;;;;;;;;;;;;;;;;;
;;;;;;;;;;;;;;;;;;;;
;;;;;;;;;;;;;;;;;;;;
;;;;;;;;;;;;;;;;;;;;
;;;;;;;;;;;;;;;;;;;;
;;;;;;;;;;;;;;;;;;;;
;;;;;;;;;;;;;;;;;;;;
;;;;;;;;;;;;;;;;;;;;
;;;;;;;;;;;;;;;;;;;;
;;;;;;;;;;;;;;;;;;;;
;;;;;;;;;;;;;;;;;;;;
;;;;;;;;;;;;;;;;;;;;
;;;;;;;;;;;;;;;;;;;;
;;;;;;;;;;;;;;;;;;;;
;;;;;;;;;;;;;;;;;;;;
;;;;;;;;;;;;;;;;;;;;
;;;;;;;;;;;;;;;;;;;;
;;;;;;;;;;;;;;;;;;;;
;;;;;;;;;;;;;;;;;;;;
;;;;;;;;;;;;;;;;;;;;
;;;;;;;;;;;;;;;;;;;;
;;;;;;;;;;;;;;;;;;;;
;;;;;;;;;;;;;;;;;;;;
;;;;;;;;;;;;;;;;;;;;
;;;;;;;;;;;;;;;;;;;;
;;;;;;;;;;;;;;;;;;;;
;;;;;;;;;;;;;;;;;;;;
;;;;;;;;;;;;;;;;;;;;
;;;;;;;;;;;;;;;;;;;;
;;;;;;;;;;;;;;;;;;;;
;;;;;;;;;;;;;;;;;;;;
;;;;;;;;;;;;;;;;;;;;
;;;;;;;;;;;;;;;;;;;;
;;;;;;;;;;;;;;;;;;;;
;;;;;;;;;;;;;;;;;;;;
;;;;;;;;;;;;;;;;;;;;
;;;;;;;;;;;;;;;;;;;;
;;;;;;;;;;;;;;;;;;;;
;;;;;;;;;;;;;;;;;;;;
;;;;;;;;;;;;;;;;;;;;
;;;;;;;;;;;;;;;;;;;;
;;;;;;;;;;;;;;;;;;;;
;;;;;;;;;;;;;;;;;;;;
;;;;;;;;;;;;;;;;;;;;
;;;;;;;;;;;;;;;;;;;;
;;;;;;;;;;;;;;;;;;;;
;;;;;;;;;;;;;;;;;;;;
;;;;;;;;;;;;;;;;;;;;
;;;;;;;;;;;;;;;;;;;;
;;;;;;;;;;;;;;;;;;;;
;;;;;;;;;;;;;;;;;;;;
;;;;;;;;;;;;;;;;;;;;
;;;;;;;;;;;;;;;;;;;;
;;;;;;;;;;;;;;;;;;;;
;;;;;;;;;;;;;;;;;;;;
;;;;;;;;;;;;;;;;;;;;
;;;;;;;;;;;;;;;;;;;;
;;;;;;;;;;;;;;;;;;;;
;;;;;;;;;;;;;;;;;;;;
;;;;;;;;;;;;;;;;;;;;
;;;;;;;;;;;;;;;;;;;;
