EMPRESA,Empresa,Prefixo,Tanque,Litros
27,Pernambuco,0000211,300,226.66
27,Pernambuco,0000700,80,80.49
27,Pernambuco,0000900,300,104.05
27,Pernambuco,0002001,300,136.27
27,Pernambuco,0002002,300,139.14
27,Pernambuco,0002003,300,159.23
27,Pernambuco,0002004,300,142.7
27,Pernambuco,0002005,300,145.01
27,Pernambuco,0002006,300,159.09
27,Pernambuco,0002007,300,179.76
27,Pernambuco,0002008,300,138.3
27,Pernambuco,0002009,300,139.55
27,Pernambuco,0002010,300,154.31
27,Pernambuco,0002011,300,158.21
27,Pernambuco,0002012,300,140.75
27,Pernambuco,0002013,300,160.56
27,Pernambuco,0002014,300,112.59
27,Pernambuco,0002015,300,141.97
27,Pernambuco,0002016,300,167.58
27,Pernambuco,0002017,300,171.02
27,Pernambuco,0002018,300,174.21
27,Pernambuco,0002019,300,169.06
27,Pernambuco,0002020,300,188.07
27,Pernambuco,0002021,300,122.63
27,Pernambuco,0002022,300,125.91
27,Pernambuco,0002023,300,73.2
27,Pernambuco,0002024,300,124.19
27,Pernambuco,0002025,300,110.36
27,Pernambuco,0002026,300,120.32
27,Pernambuco,0002027,300,124.8
27,Pernambuco,0002028,300,128.57
27,Pernambuco,0002029,300,115.57
27,Pernambuco,0002030,300,93.22
27,Pernambuco,0002031,300,200.73
27,Pernambuco,0002032,300,185.72
27,Pernambuco,0002033,300,187.84
27,Pernambuco,0002034,300,167.7
27,Pernambuco,0002035,300,181.56
27,Pernambuco,0002036,300,160.01
27,Pernambuco,0002037,300,177.12
27,Pernambuco,0002038,300,181.54
27,Pernambuco,0002039,300,165.83
27,Pernambuco,0002040,300,169.87
27,Pernambuco,0002041,400,154.28
27,Pernambuco,0002042,400,126.92
27,Pernambuco,0002043,400,151.87
27,Pernambuco,0002044,300,189.54
27,Pernambuco,0002045,300,186.42
27,Pernambuco,0002046,400,189.81
27,Pernambuco,0002047,300,175.74
27,Pernambuco,0002048,400,173.94
27,Pernambuco,0002049,400,239.17
27,Pernambuco,0002050,400,231.93
27,Pernambuco,0002101,450,68.75
27,Pernambuco,0002102,450,64.42
27,Pernambuco,0002201,450,69.78
27,Pernambuco,0002301,310,178.46
27,Pernambuco,0002302,310,194.65
27,Pernambuco,0002303,310,185.29
27,Pernambuco,0002304,310,195.27
27,Pernambuco,0002305,310,188.57
27,Pernambuco,0002306,310,209.57
27,Pernambuco,0002307,310,162.39
27,Pernambuco,0002308,310,197.64
27,Pernambuco,0002309,310,250.42
27,Pernambuco,0002310,400,177.8
27,Pernambuco,0002311,310,185.84
27,Pernambuco,0002312,310,171.09
27,Pernambuco,0002313,310,161.56
27,Pernambuco,0002314,310,176.61
27,Pernambuco,0002315,400,190.15
27,Pernambuco,0002316,310,189.13
27,Pernambuco,0002317,310,199.11
27,Pernambuco,0002318,310,246.35
27,Pernambuco,0002319,310,170.13
27,Pernambuco,0002320,310,183.28
27,Pernambuco,0002321,310,193.95
27,Pernambuco,0002322,310,176.28
27,Pernambuco,0002323,310,191.31
27,Pernambuco,0002324,310,182.3
27,Pernambuco,0002325,310,180.89
27,Pernambuco,0002326,310,181.81
27,Pernambuco,0002327,310,185.99
27,Pernambuco,0002328,310,155.53
27,Pernambuco,0002329,310,180.4
27,Pernambuco,0002330,310,183.83
27,Pernambuco,0002331,400,162.86
27,Pernambuco,0002332,300,200.64
27,Pernambuco,0002333,300,203.16
27,Pernambuco,0002334,300,172.3
27,Pernambuco,0002335,300,181.81
27,Pernambuco,0002336,300,188.42
27,Pernambuco,0002337,300,196.2
27,Pernambuco,0002338,300,169.66
27,Pernambuco,0002339,300,204.01
27,Pernambuco,0002340,300,170.53
27,Pernambuco,0002341,300,226.04
27,Pernambuco,0002342,300,178.49
27,Pernambuco,0002343,300,159.42
27,Pernambuco,0002344,400,168.21
27,Pernambuco,0002345,300,161.01
27,Pernambuco,0002346,450,173.92
27,Pernambuco,0002347,300,177.95
27,Pernambuco,0002348,300,173.88
27,Pernambuco,0002349,300,201.95
27,Pernambuco,0002350,300,171.87
27,Pernambuco,0002351,400,158.43
27,Pernambuco,0002352,400,173.27
27,Pernambuco,0002353,300,182.65
27,Pernambuco,0002354,300,174.66
27,Pernambuco,0002355,300,205.14
27,Pernambuco,0002356,300,161.08
27,Pernambuco,0002357,300,244.82
27,Pernambuco,0002358,400,165.32
27,Pernambuco,0002359,300,181.01
27,Pernambuco,0002360,300,169.65
27,Pernambuco,0002361,300,176.4
27,Pernambuco,0002362,300,215.18
27,Pernambuco,0002363,300,154.1
27,Pernambuco,0002364,300,190.29
27,Pernambuco,0002365,400,154.47
27,Pernambuco,0002366,450,94.86
27,Pernambuco,0002367,450,97.89
27,Pernambuco,0002368,450,102.38
27,Pernambuco,0002369,450,68.89
27,Pernambuco,0002370,450,85.62
27,Pernambuco,0002371,450,98.97
27,Pernambuco,0002372,450,97.77
27,Pernambuco,0002400,275,104.59
27,Pernambuco,0002401,450,228.62
27,Pernambuco,0002404,500,204.69
27,Pernambuco,0002406,300,169.28
27,Pernambuco,0002407,400,125.75
27,Pernambuco,0002408,300,161.83
27,Pernambuco,0002409,450,123.97
27,Pernambuco,0002410,450,133.39
27,Pernambuco,0002411,450,124.73
27,Pernambuco,0002412,450,240.81
27,Pernambuco,0002413,450,221.25
27,Pernambuco,0002414,450,221.07
27,Pernambuco,0002415,450,208.43
27,Pernambuco,0002418,300,269.06
27,Pernambuco,0002419,450,172.17
27,Pernambuco,0002421,450,180.24
27,Pernambuco,0002423,450,225.97
27,Pernambuco,0002425,450,181.87
27,Pernambuco,0002426,300,235.08
27,Pernambuco,0002428,300,206.69
27,Pernambuco,0002430,450,158.07
27,Pernambuco,0002431,450,157.83
27,Pernambuco,0002432,300,281.13
27,Pernambuco,0002433,450,153.29
27,Pernambuco,0002434,300,187.32
27,Pernambuco,0002438,300,183.01
27,Pernambuco,0002441,300,202.3
27,Pernambuco,0002442,300,212.64
27,Pernambuco,0002443,300,209.18
27,Pernambuco,0002448,300,188.07
27,Pernambuco,0002451,300,198.59
27,Pernambuco,0002454,450,201.4
27,Pernambuco,0002457,400,184.4
27,Pernambuco,0002458,400,176.41
27,Pernambuco,0002459,450,229.11
27,Pernambuco,0002460,450,206.01
27,Pernambuco,0002461,400,175.81
27,Pernambuco,0002462,450,273.47
27,Pernambuco,0002463,450,161.32
27,Pernambuco,0002464,430,243.29
27,Pernambuco,0002465,300,183.3
27,Pernambuco,0002466,400,182.25
27,Pernambuco,0002467,400,170.1
27,Pernambuco,0002468,450,169.98
27,Pernambuco,0002469,450,170.2
27,Pernambuco,0002470,400,157.11
27,Pernambuco,0002471,450,166.95
27,Pernambuco,0002472,400,179.78
27,Pernambuco,0002473,450,182.12
27,Pernambuco,0002474,400,176.19
27,Pernambuco,0002475,400,168.95
27,Pernambuco,0002476,300,206.1
27,Pernambuco,0002479,300,193.46
27,Pernambuco,0002480,300,198.56
27,Pernambuco,0002482,300,256.58
27,Pernambuco,0002490,300,185.43
27,Pernambuco,0002491,300,185.3
27,Pernambuco,0002492,300,176.45
27,Pernambuco,0002493,300,182.83
27,Pernambuco,0002495,300,181.81
27,Pernambuco,0002496,300,188.98
27,Pernambuco,0002497,350,231.14
27,Pernambuco,0002498,300,215.7
27,Pernambuco,0002499,300,209.26
27,Pernambuco,0002502,300,221.03
27,Pernambuco,0002504,500,284.08
27,Pernambuco,0002505,500,279.71
27,Pernambuco,0002506,550,277.43
27,Pernambuco,0002507,550,264.17
27,Pernambuco,0002508,500,265.5
27,Pernambuco,0002509,550,251.96
27,Pernambuco,0002510,500,259.36
27,Pernambuco,0002511,500,233.39
27,Pernambuco,0002512,550,234.44
27,Pernambuco,0002513,550,272.94
27,Pernambuco,0002514,550,261.05
27,Pernambuco,0002515,500,255.42
27,Pernambuco,0002516,550,269.22
27,Pernambuco,0002517,550,274.92
27,Pernambuco,0002518,550,241.81
27,Pernambuco,0002519,500,246.92
27,Pernambuco,0002520,550,287.2
27,Pernambuco,0002521,550,236.97
27,Pernambuco,0002522,550,247.16
27,Pernambuco,0002523,550,259.47
27,Pernambuco,0002701,300,129.26
27,Pernambuco,0002704,300,136.69
27,Pernambuco,0002706,300,177.5
27,Pernambuco,0002707,300,221.9
27,Pernambuco,0002708,300,149
27,Pernambuco,0002710,300,157.91
27,Pernambuco,0002716,300,201.62
27,Pernambuco,0002718,300,193.31
27,Pernambuco,0002719,300,224.37
27,Pernambuco,0002722,300,179.12
27,Pernambuco,0002725,300,159.92
27,Pernambuco,0002726,300,214.38
27,Pernambuco,0002727,300,247.57
27,Pernambuco,0002728,300,210.3
27,Pernambuco,0002729,300,232.04
27,Pernambuco,0002730,300,176.98
27,Pernambuco,0002731,300,236.75
27,Pernambuco,0002732,300,267.64
27,Pernambuco,0002733,300,231.02
27,Pernambuco,0002739,300,180
27,Pernambuco,0002801,300,193.3
27,Pernambuco,0002802,300,192.03
27,Pernambuco,0002803,300,195.2
27,Pernambuco,0002804,300,269.76
27,Pernambuco,0002805,300,212.77
27,Pernambuco,0002806,300,148.06
27,Pernambuco,0002807,300,147.51
27,Pernambuco,0002808,300,217.62
27,Pernambuco,0002809,300,141.55
27,Pernambuco,0002810,300,128.05
27,Pernambuco,0002811,300,154.98
27,Pernambuco,0002812,300,142.64
27,Pernambuco,0002813,300,244.11
27,Pernambuco,0002814,300,153.35
27,Pernambuco,0002815,300,128.03
27,Pernambuco,0002816,300,177.73
27,Pernambuco,0002817,300,171.1
27,Pernambuco,0002818,300,146.46
27,Pernambuco,0002819,300,163.2
27,Pernambuco,0002820,300,194.14
27,Pernambuco,0002821,300,140.5
27,Pernambuco,0002822,300,143.59
27,Pernambuco,0002823,300,153.26
27,Pernambuco,0002824,300,177.45
27,Pernambuco,0002825,300,146.11
27,Pernambuco,0002826,300,194.02
27,Pernambuco,0002827,300,129.26
27,Pernambuco,0002828,300,145.83
27,Pernambuco,0002829,300,140.58
27,Pernambuco,0002830,300,197.44
27,Pernambuco,0002901,300,151.13
27,Pernambuco,0002902,300,156.61
27,Pernambuco,0002903,300,163.55
27,Pernambuco,0002904,300,145.32
27,Pernambuco,0002905,300,164.93
27,Pernambuco,0002906,300,180.54
27,Pernambuco,0002907,300,175.53
27,Pernambuco,0002908,300,172.38
27,Pernambuco,0002909,300,212.9
27,Pernambuco,0002910,300,163.03
27,Pernambuco,0002911,300,115.44
27,Pernambuco,0002912,300,217.18
27,Pernambuco,0002913,300,141.37
27,Pernambuco,0002914,300,194.01
27,Pernambuco,0002915,300,167.41
27,Pernambuco,0002916,300,134.71
27,Pernambuco,0002917,300,132.3
27,Pernambuco,0002918,300,142.6
27,Pernambuco,0002919,300,205.07
27,Pernambuco,0002920,300,182.05
27,Pernambuco,0002921,300,192.16
27,Pernambuco,0002922,300,175.65
27,Pernambuco,0002923,300,168.9
27,Pernambuco,0002924,300,140.21
27,Pernambuco,0002925,300,169.17
27,Pernambuco,0002926,300,119.26
27,Pernambuco,0002927,300,154.4
27,Pernambuco,0002928,350,149
27,Pernambuco,0002929,300,203.31
27,Pernambuco,0002930,300,155.74
27,Pernambuco,0002931,300,261.24
27,Pernambuco,0002932,300,140.83
27,Pernambuco,0002933,300,228.18
27,Pernambuco,0002934,300,124.21
27,Pernambuco,0002935,300,215.61
27,Pernambuco,0002936,300,153.13
27,Pernambuco,0002937,300,163.34
27,Pernambuco,0002938,300,154.95
27,Pernambuco,0002939,300,169.72
27,Pernambuco,0002940,300,173.25
27,Pernambuco,0002941,300,234.38
27,Pernambuco,0002942,300,150.89
27,Pernambuco,0002943,300,167.72
27,Pernambuco,0002944,300,188.15
27,Pernambuco,0002945,300,167.69
27,Pernambuco,0002946,300,193.92
27,Pernambuco,0002947,300,153.28
27,Pernambuco,0002948,300,165.26
27,Pernambuco,0002949,300,162.58
27,Pernambuco,0002950,300,164.07
27,Pernambuco,0002951,300,136.01
27,Pernambuco,0002952,300,153.39
27,Pernambuco,0002953,300,164.86
27,Pernambuco,0002954,300,190.45
27,Pernambuco,0002955,300,172.98
27,Pernambuco,0002956,300,212.94
27,Pernambuco,0002957,300,155.86
27,Pernambuco,0002958,300,210.22
27,Pernambuco,0002959,300,147.95
27,Pernambuco,0002960,300,166.37
27,Pernambuco,0002961,300,140.37
27,Pernambuco,0002962,400,144.95
27,Pernambuco,0002963,300,163.85
27,Pernambuco,0002964,300,158.68
27,Pernambuco,0002965,300,141.96
27,Pernambuco,0002966,300,139.7
27,Pernambuco,0002967,450,173.75
27,Pernambuco,0002968,300,153.57
27,Pernambuco,0002969,300,146.55
27,Pernambuco,0002970,300,165.68
27,Pernambuco,0002971,300,162.64
27,Pernambuco,0002972,300,187.38
27,Pernambuco,0002973,300,192.62
27,Pernambuco,0002974,600,139.84
27,Pernambuco,0002975,450,153.56
27,Pernambuco,0002976,300,209.24
27,Pernambuco,0002977,300,164.77
27,Pernambuco,0002978,300,196.05
27,Pernambuco,0002979,300,203.99
27,Pernambuco,0002980,300,184.76
21,"São Paulo",0006301,275,482
21,"São Paulo",0006303,600,512
21,"São Paulo",0006307,800,771.14
21,"São Paulo",0006311,150,157.36
21,"São Paulo",0006312,200,110.7
27,Pernambuco,0006312,200,105.65
21,"São Paulo",0006320,500,57.22
21,"São Paulo",0006340,300,26
21,"São Paulo",0006404,615,600
27,Pernambuco,0052353,450,109.03
21,"São Paulo",0063001,500,386.74
21,"São Paulo",0063002,600,389.31
21,"São Paulo",0063003,600,380.21
21,"São Paulo",0063004,600,400.35
21,"São Paulo",0063005,500,323.92
21,"São Paulo",0063006,600,360.08
21,"São Paulo",0063007,500,324.22
21,"São Paulo",0063008,600,306.04
21,"São Paulo",0063009,600,455.6
21,"São Paulo",0063010,600,395.26
21,"São Paulo",0063011,600,252.01
21,"São Paulo",0063012,500,243.73
27,Pernambuco,0063012,500,13.68
21,"São Paulo",0063013,600,245.72
21,"São Paulo",0063014,600,256.6
21,"São Paulo",0063015,600,321.49
21,"São Paulo",0063016,600,0
21,"São Paulo",0063017,600,251
27,Pernambuco,0063017,600,0
21,"São Paulo",0063018,600,217.44
21,"São Paulo",0063019,500,312.67
21,"São Paulo",0063020,500,289.76
21,"São Paulo",0063021,600,209.39
21,"São Paulo",0063022,600,238.91
21,"São Paulo",0063023,600,219.52
21,"São Paulo",0063024,600,220.26
21,"São Paulo",0063025,600,282.42
21,"São Paulo",0063026,600,223.03
21,"São Paulo",0063027,500,266.25
21,"São Paulo",0063028,600,211.85
21,"São Paulo",0063029,600,356.62
21,"São Paulo",0063030,600,233.88
21,"São Paulo",0063031,600,404.03
21,"São Paulo",0063032,600,398.45
21,"São Paulo",0063033,600,478.55
21,"São Paulo",0063034,600,438.43
21,"São Paulo",0063035,600,464.48
27,Pernambuco,0063035,600,18.7
21,"São Paulo",0063036,600,464.58
21,"São Paulo",0063037,600,358.28
21,"São Paulo",0063038,600,364.01
21,"São Paulo",0063039,600,490.34
21,"São Paulo",0063040,600,372.02
27,Pernambuco,0063041,600,122.69
21,"São Paulo",0063041,600,426.66
21,"São Paulo",0063042,600,366.55
21,"São Paulo",0063043,600,435.75
27,Pernambuco,0063044,600,0
21,"São Paulo",0063044,600,428.1
21,"São Paulo",0063045,600,443.83
27,Pernambuco,0063046,600,154.58
21,"São Paulo",0063046,600,353.29
21,"São Paulo",0063047,600,231.34
21,"São Paulo",0063048,600,200.77
21,"São Paulo",0063049,600,281.51
21,"São Paulo",0063050,600,280.37
21,"São Paulo",0063051,600,482.1
21,"São Paulo",0063052,600,486.57
21,"São Paulo",0063053,600,359.87
21,"São Paulo",0063054,600,392.56
21,"São Paulo",0063055,600,393.06
21,"São Paulo",0063056,600,373.58
21,"São Paulo",0063057,600,402.93
21,"São Paulo",0063058,600,409.72
21,"São Paulo",0063059,600,384.03
21,"São Paulo",0063060,600,396.07
27,Pernambuco,0063060,600,272.22
21,"São Paulo",0063061,600,388.63
21,"São Paulo",0063062,600,379.37
21,"São Paulo",0063063,600,348.82
21,"São Paulo",0063064,600,320.59
21,"São Paulo",0063065,600,318.48
21,"São Paulo",0063066,600,443.34
21,"São Paulo",0063067,600,332.19
21,"São Paulo",0063069,600,361.3
27,Pernambuco,0063069,600,0
21,"São Paulo",0063070,600,372.9
21,"São Paulo",0063071,600,275.36
21,"São Paulo",0063072,600,507.46
21,"São Paulo",0063074,600,353.93
21,"São Paulo",0063075,600,370.23
21,"São Paulo",0063076,600,286.91
21,"São Paulo",0063077,600,322.85
21,"São Paulo",0063080,600,262.83
21,"São Paulo",0063081,500,257.05
21,"São Paulo",0063082,500,276.83
21,"São Paulo",0063083,500,332.63
21,"São Paulo",0063084,500,218.38
21,"São Paulo",0063085,500,277.77
27,Pernambuco,0063086,500,0
21,"São Paulo",0063086,500,254.24
21,"São Paulo",0063087,500,261.68
21,"São Paulo",0063088,500,255.33
21,"São Paulo",0063089,500,263.47
27,Pernambuco,0063090,500,0
21,"São Paulo",0063090,500,313.45
21,"São Paulo",0063091,500,236.09
21,"São Paulo",0063092,500,224.72
21,"São Paulo",0063093,500,242.07
21,"São Paulo",0063094,500,261.71
21,"São Paulo",0063095,500,250.53
21,"São Paulo",0063096,500,267.67
21,"São Paulo",0063097,500,250.72
27,Pernambuco,0063098,500,0
21,"São Paulo",0063098,500,264.96
21,"São Paulo",0063099,500,253.51
21,"São Paulo",0063100,500,245.32
21,"São Paulo",0063101,500,331.16
21,"São Paulo",0063102,500,257.34
21,"São Paulo",0063103,500,262.59
21,"São Paulo",0063104,500,346.93
21,"São Paulo",0063105,500,266.74
21,"São Paulo",0063106,500,279.81
21,"São Paulo",0063107,600,302.25
21,"São Paulo",0063108,600,268.04
21,"São Paulo",0063109,600,238.43
21,"São Paulo",0063110,600,271.7
21,"São Paulo",0063111,600,266.61
21,"São Paulo",0063112,600,282.71
21,"São Paulo",0063113,600,241.54
27,Pernambuco,0063113,600,72.51
21,"São Paulo",0063114,600,231.63
21,"São Paulo",0063115,600,253.69
27,Pernambuco,0063115,600,124.26
21,"São Paulo",0063116,600,251.19
21,"São Paulo",0063117,600,268.43
21,"São Paulo",0063118,600,279.2
21,"São Paulo",0063119,600,222.6
21,"São Paulo",0063120,600,249.68
21,"São Paulo",0063121,600,237.11
21,"São Paulo",0063122,600,207.2
21,"São Paulo",0063123,500,302.7
21,"São Paulo",0063135,300,232.67
21,"São Paulo",0063164,500,246.44
27,Pernambuco,0063164,500,214.51
21,"São Paulo",0063165,500,226.43
27,Pernambuco,0063165,500,142.74
21,"São Paulo",0063166,500,226.91
27,Pernambuco,0063167,500,265.68
21,"São Paulo",0063167,500,269.23
27,Pernambuco,0063168,500,208.14
21,"São Paulo",0063168,500,243.08
27,Pernambuco,0063169,500,169.47
21,"São Paulo",0063169,500,248.35
27,Pernambuco,0063170,500,193.85
21,"São Paulo",0063170,500,214.66
21,"São Paulo",0063171,500,217.76
27,Pernambuco,0063171,500,188.97
27,Pernambuco,0063172,500,160.05
21,"São Paulo",0063172,500,245.6
27,Pernambuco,0063173,500,200.93
21,"São Paulo",0063173,500,264.46
27,Pernambuco,0063174,500,239.14
21,"São Paulo",0063174,500,262.31
21,"São Paulo",0063175,500,249.53
21,"São Paulo",0063176,500,226.29
27,Pernambuco,0063176,500,158.73
21,"São Paulo",0063178,500,253.05
27,Pernambuco,0063178,500,207.04
21,"São Paulo",0063179,500,214.73
27,Pernambuco,0063179,500,182.76
21,"São Paulo",0063180,300,222.83
27,Pernambuco,0063180,300,182.92
21,"São Paulo",0063181,500,298.85
27,Pernambuco,0063181,500,208.55
27,Pernambuco,0063182,500,189.73
21,"São Paulo",0063182,500,221.35
21,"São Paulo",0063183,500,254.55
27,Pernambuco,0063183,500,167.17
21,"São Paulo",0063184,500,253.38
27,Pernambuco,0063184,500,193.07
27,Pernambuco,0063185,500,167.89
21,"São Paulo",0063185,500,246
21,"São Paulo",0063186,500,338.33
27,Pernambuco,0063186,500,183.32
21,"São Paulo",0063187,500,212.88
21,"São Paulo",0063188,500,221.66
27,Pernambuco,0063188,500,261.87
27,Pernambuco,0063189,500,191.58
21,"São Paulo",0063189,500,209.16
27,Pernambuco,0063190,500,165.72
21,"São Paulo",0063190,500,235.83
21,"São Paulo",0063191,500,269.36
27,Pernambuco,0063191,500,169.68
21,"São Paulo",0063192,500,233.9
27,Pernambuco,0063192,500,203.77
21,"São Paulo",0063193,500,229.63
21,"São Paulo",0063194,600,271.34
21,"São Paulo",0063195,600,289.2
21,"São Paulo",0063196,600,293.68
27,Pernambuco,0063197,200,86.56
21,"São Paulo",0063197,200,200.68
21,"São Paulo",0063198,600,331.22
21,"São Paulo",0063199,600,409.95
21,"São Paulo",0063200,600,230.6
21,"São Paulo",0063201,500,297.09
21,"São Paulo",0063202,600,229.44
21,"São Paulo",0063203,500,284.28
21,"São Paulo",0063204,500,215.71
21,"São Paulo",0063211,600,204.76
27,Pernambuco,0063211,600,218.9
21,"São Paulo",0063212,600,197.98
27,Pernambuco,0063212,600,199.92
21,"São Paulo",0063215,600,192.15
27,Pernambuco,0063215,600,198.01
21,"São Paulo",0063216,600,199.26
27,Pernambuco,0063216,600,231.3
21,"São Paulo",0063217,600,274.34
27,Pernambuco,0063217,600,204.85
27,Pernambuco,0063218,600,203.48
21,"São Paulo",0063218,600,255.13
21,"São Paulo",0063219,600,229.05
27,Pernambuco,0063219,600,197.02
27,Pernambuco,0063220,600,188.18
21,"São Paulo",0063220,600,173.71
21,"São Paulo",0063221,600,210.97
27,Pernambuco,0063221,600,209.77
27,Pernambuco,0063222,600,207.12
21,"São Paulo",0063222,600,193.55
27,Pernambuco,0063223,600,213.13
21,"São Paulo",0063223,600,180.17
21,"São Paulo",0063224,600,198.66
27,Pernambuco,0063224,600,189.19
21,"São Paulo",0063226,600,185.97
27,Pernambuco,0063226,600,214.02
27,Pernambuco,0063227,600,197.85
21,"São Paulo",0063227,600,185.12
27,Pernambuco,0063228,600,189.26
21,"São Paulo",0063228,600,320.3
21,"São Paulo",0063229,600,184.04
27,Pernambuco,0063229,600,165.53
27,Pernambuco,0063230,600,183.23
21,"São Paulo",0063230,600,216.6
21,"São Paulo",0063232,600,182.24
27,Pernambuco,0063232,600,169.79
21,"São Paulo",0063233,600,183.3
27,Pernambuco,0063233,600,190.37
27,Pernambuco,0063234,600,253.28
21,"São Paulo",0063234,600,214.6
27,Pernambuco,0063235,600,189.54
21,"São Paulo",0063235,600,192.6
27,Pernambuco,0063238,600,202.79
21,"São Paulo",0063238,600,188.2
27,Pernambuco,0063240,600,168.26
21,"São Paulo",0063240,600,192.7
27,Pernambuco,0063241,600,192.82
21,"São Paulo",0063241,600,180.04
21,"São Paulo",0063242,600,256.79
27,Pernambuco,0063242,600,201.51
27,Pernambuco,0063243,600,177.98
21,"São Paulo",0063243,600,178.29
27,Pernambuco,0063244,600,224.78
21,"São Paulo",0063244,600,211.68
27,Pernambuco,0063246,300,179.96
21,"São Paulo",0063246,300,204.53
27,Pernambuco,0063247,600,189.79
21,"São Paulo",0063247,600,202.83
21,"São Paulo",0063248,600,190.07
27,Pernambuco,0063248,600,186.67
27,Pernambuco,0063251,300,157.31
21,"São Paulo",0063251,300,280.72
21,"São Paulo",0063255,300,299.33
27,Pernambuco,0063255,300,208.2
21,"São Paulo",0063258,300,191.1
27,Pernambuco,0063258,300,199.85
27,Pernambuco,0063259,600,191.72
21,"São Paulo",0063259,600,232.99
21,"São Paulo",0063260,600,285.09
27,Pernambuco,0063260,600,185.49
21,"São Paulo",0063269,600,191.73
27,Pernambuco,0063269,600,197.33
21,"São Paulo",0063274,600,211.86
27,Pernambuco,0063274,600,200
27,Pernambuco,0063276,300,191.91
21,"São Paulo",0063276,300,230
21,"São Paulo",0063278,350,245.63
27,Pernambuco,0063278,350,246.2
27,Pernambuco,0063279,350,240.95
21,"São Paulo",0063279,350,238.53
27,Pernambuco,0063280,350,214.2
21,"São Paulo",0063280,350,240.29
27,Pernambuco,0063281,350,226.96
21,"São Paulo",0063281,350,229.77
21,"São Paulo",0063282,350,232.89
27,Pernambuco,0063282,350,245.89
27,Pernambuco,0063283,350,206.79
21,"São Paulo",0063283,350,206.54
27,Pernambuco,0063284,350,224.51
21,"São Paulo",0063284,350,232.16
27,Pernambuco,0063285,350,236.27
21,"São Paulo",0063285,350,261.32
27,Pernambuco,0063286,350,240.54
21,"São Paulo",0063286,350,251.28
27,Pernambuco,0063287,350,202.71
21,"São Paulo",0063287,350,229.26
27,Pernambuco,0063288,300,188.92
21,"São Paulo",0063288,300,217.18
27,Pernambuco,0063290,300,207.22
21,"São Paulo",0063290,300,185.33
27,Pernambuco,0063292,300,185.22
21,"São Paulo",0063292,300,209.48
27,Pernambuco,0063297,400,195.69
21,"São Paulo",0063297,400,226.89
27,Pernambuco,0063298,400,154.77
21,"São Paulo",0063298,400,254.6
21,"São Paulo",0063305,600,451.75
21,"São Paulo",0063306,600,339.99
21,"São Paulo",0063307,600,368.82
21,"São Paulo",0063308,600,363.55
21,"São Paulo",0063310,600,326.15
21,"São Paulo",0063311,600,302.15
21,"São Paulo",0063312,600,342.4
21,"São Paulo",0063313,600,435.28
27,Pernambuco,0063322,600,255.74
21,"São Paulo",0063322,600,234.83
21,"São Paulo",0063324,600,206.72
27,Pernambuco,0063324,600,199.65
27,Pernambuco,0063325,600,190.5
21,"São Paulo",0063325,600,215.55
21,"São Paulo",0063326,600,203.38
27,Pernambuco,0063326,600,197.83
27,Pernambuco,0063327,600,208.2
21,"São Paulo",0063327,600,204.48
21,"São Paulo",0063328,600,282.25
27,Pernambuco,0063328,600,196.98
27,Pernambuco,0063329,600,180.75
21,"São Paulo",0063329,600,206.43
21,"São Paulo",0063330,600,207.84
27,Pernambuco,0063330,600,184.16
21,"São Paulo",0063331,600,249.13
27,Pernambuco,0063331,600,176.25
27,Pernambuco,0063332,600,194.91
21,"São Paulo",0063332,600,202.72
27,Pernambuco,0063333,600,194.64
21,"São Paulo",0063333,600,218.08
27,Pernambuco,0063334,600,179.51
21,"São Paulo",0063334,600,224.32
21,"São Paulo",0063335,600,208.67
27,Pernambuco,0063335,600,200.83
21,"São Paulo",0063336,600,254.54
27,Pernambuco,0063336,600,206.42
21,"São Paulo",0063337,600,207.77
27,Pernambuco,0063337,600,202.86
21,"São Paulo",0063340,600,224.61
27,Pernambuco,0063340,600,195.07
27,Pernambuco,0063341,600,204.53
21,"São Paulo",0063341,600,262.19
21,"São Paulo",0063342,600,210.31
27,Pernambuco,0063342,600,200
21,"São Paulo",0063343,600,189.69
27,Pernambuco,0063343,600,197.21
21,"São Paulo",0063347,600,274.25
27,Pernambuco,0063347,600,248.71
27,Pernambuco,0063348,600,193.96
21,"São Paulo",0063348,600,205
27,Pernambuco,0063349,600,195.49
21,"São Paulo",0063349,600,221.38
21,"São Paulo",0063350,600,205.85
27,Pernambuco,0063350,600,219.11
21,"São Paulo",0063351,600,210.85
27,Pernambuco,0063351,600,160.63
27,Pernambuco,0063352,600,181.37
21,"São Paulo",0063352,600,197.4
27,Pernambuco,0063353,600,180.02
21,"São Paulo",0063353,600,223.05
21,"São Paulo",0063354,600,252.95
27,Pernambuco,0063354,600,200.21
27,Pernambuco,0063355,600,195.43
21,"São Paulo",0063355,600,265.52
21,"São Paulo",0063356,600,238.93
27,Pernambuco,0063356,600,197.08
27,Pernambuco,0063357,600,180.71
21,"São Paulo",0063357,600,218.06
27,Pernambuco,0063359,600,186.67
21,"São Paulo",0063359,600,206.78
21,"São Paulo",0063360,600,196.17
27,Pernambuco,0063360,600,163.42
27,Pernambuco,0063361,600,178.92
21,"São Paulo",0063361,600,205.11
21,"São Paulo",0063362,600,189.05
27,Pernambuco,0063362,600,177.75
27,Pernambuco,0063363,600,188.74
21,"São Paulo",0063363,600,188.41
27,Pernambuco,0063365,600,199.01
21,"São Paulo",0063365,600,217.93
21,"São Paulo",0063366,600,223.76
27,Pernambuco,0063366,600,195.53
21,"São Paulo",0063367,600,203.68
27,Pernambuco,0063367,600,219.75
21,"São Paulo",0063368,500,239.36
27,Pernambuco,0063368,500,190.5
27,Pernambuco,0063369,500,189.51
21,"São Paulo",0063369,500,262.66
27,Pernambuco,0063370,500,194.06
21,"São Paulo",0063370,500,226.69
21,"São Paulo",0063371,600,239.98
27,Pernambuco,0063371,600,199.36
21,"São Paulo",0063372,600,172.33
27,Pernambuco,0063372,600,191.7
27,Pernambuco,0063373,600,199.44
21,"São Paulo",0063373,600,302.83
21,"São Paulo",0063374,600,201.96
27,Pernambuco,0063374,600,198.67
21,"São Paulo",0063375,600,178.39
27,Pernambuco,0063375,600,171.87
21,"São Paulo",0063376,600,180.41
27,Pernambuco,0063376,600,152.49
21,"São Paulo",0063377,600,177.93
27,Pernambuco,0063377,600,171.25
21,"São Paulo",0063378,500,245.26
27,Pernambuco,0063378,500,200
21,"São Paulo",0063379,600,207.28
27,Pernambuco,0063379,600,184.19
21,"São Paulo",0063380,600,202.91
27,Pernambuco,0063380,600,184
27,Pernambuco,0063381,500,175.16
21,"São Paulo",0063381,500,247.07
21,"São Paulo",0063382,500,238.22
27,Pernambuco,0063382,500,187.83
21,"São Paulo",0063432,600,298.66
27,Pernambuco,0063432,600,203.91
21,"São Paulo",0063446,500,312.27
27,Pernambuco,0063446,500,213
27,Pernambuco,0063447,500,168.28
21,"São Paulo",0063447,500,204.1
27,Pernambuco,0063448,500,178.6
21,"São Paulo",0063448,500,197.57
21,"São Paulo",0063449,500,202.66
27,Pernambuco,0063449,500,176.9
21,"São Paulo",0063450,500,203.05
27,Pernambuco,0063450,500,173.82
21,"São Paulo",0063471,500,241
27,Pernambuco,0063471,500,157.6
27,Pernambuco,0063478,500,189.82
21,"São Paulo",0063478,500,284.7
27,Pernambuco,0063479,500,182.69
21,"São Paulo",0063479,500,251.52
21,"São Paulo",0063500,250,250.86
21,"São Paulo",0063501,300,300.43
21,"São Paulo",0063502,600,343.92
21,"São Paulo",0063503,600,377.89
21,"São Paulo",0063504,600,377
21,"São Paulo",0063505,600,341.04
21,"São Paulo",0063506,500,389.84
21,"São Paulo",0063507,600,294.01
21,"São Paulo",0063522,600,325.42
21,"São Paulo",0063523,600,334.73
21,"São Paulo",0063524,600,349.59
21,"São Paulo",0063525,600,350.15
21,"São Paulo",0063526,600,378.59
21,"São Paulo",0063527,600,317
21,"São Paulo",0063528,600,318.95
21,"São Paulo",0063529,600,358.79
21,"São Paulo",0063530,600,290.44
21,"São Paulo",0063531,600,306.82
21,"São Paulo",0063532,600,292.12
21,"São Paulo",0063533,600,365.41
21,"São Paulo",0063534,600,352.75
21,"São Paulo",0063535,600,300.56
21,"São Paulo",0063536,600,339.84
21,"São Paulo",0063537,600,265.25
21,"São Paulo",0063538,600,312.38
21,"São Paulo",0063539,600,379.24
21,"São Paulo",0063540,500,301.65
27,Pernambuco,0063541,500,0
21,"São Paulo",0063541,500,329.44
21,"São Paulo",0063542,500,254.43
21,"São Paulo",0063543,500,272.57
21,"São Paulo",0063544,500,260.58
21,"São Paulo",0063545,500,275.67
21,"São Paulo",0063546,500,277.42
21,"São Paulo",0063547,500,287.41
21,"São Paulo",0063548,500,277.54
21,"São Paulo",0063549,500,282.54
21,"São Paulo",0063550,500,294.79
21,"São Paulo",0063551,500,251.15
21,"São Paulo",0063552,500,284.41
21,"São Paulo",0063553,500,258.22
21,"São Paulo",0063554,500,414.87
21,"São Paulo",0063555,500,280.29
27,Pernambuco,0063555,500,0
21,"São Paulo",0063556,500,224.14
27,Pernambuco,0063557,600,0
21,"São Paulo",0063557,600,263.3
21,"São Paulo",0063558,600,241.99
21,"São Paulo",0063559,600,237.51
21,"São Paulo",0063560,500,252.63
21,"São Paulo",0063561,500,213.95
21,"São Paulo",0063562,600,287.86
21,"São Paulo",0063563,600,215.71
21,"São Paulo",0063564,500,203.51
21,"São Paulo",0063565,500,327.17
21,"São Paulo",0063566,500,258.74
21,"São Paulo",0063567,500,237.67
21,"São Paulo",0063568,500,282.24
27,Pernambuco,0063568,500,0
21,"São Paulo",0063569,600,0
21,"São Paulo",0063578,260,259.18
21,"São Paulo",0063583,600,204.34
27,Pernambuco,0063583,600,175.47
21,"São Paulo",0063584,600,211.71
27,Pernambuco,0063584,600,196.96
21,"São Paulo",0063585,250,235.76
27,Pernambuco,0063585,250,211.45
21,"São Paulo",0063586,600,202.94
27,Pernambuco,0063586,600,206.96
21,"São Paulo",0063587,250,207.5
27,Pernambuco,0063587,250,184.91
21,"São Paulo",0063588,260,221.36
27,Pernambuco,0063588,260,201.8
21,"São Paulo",0063589,250,217.66
27,Pernambuco,0063589,250,198.36
21,"São Paulo",0063590,250,297.53
27,Pernambuco,0063590,250,178.25
21,"São Paulo",0063591,600,203.57
27,Pernambuco,0063591,600,215.21
21,"São Paulo",0063592,250,227.74
27,Pernambuco,0063592,250,222.11
21,"São Paulo",0063593,250,212.82
27,Pernambuco,0063593,250,197.16
21,"São Paulo",0063594,250,228.39
27,Pernambuco,0063594,250,214.7
27,Pernambuco,0063595,275,213.06
21,"São Paulo",0063595,275,275.8
21,"São Paulo",0063596,250,202.98
27,Pernambuco,0063596,250,201.41
27,Pernambuco,0063597,250,167.6
21,"São Paulo",0063597,250,176.36
21,"São Paulo",0063598,250,289.4
27,Pernambuco,0063598,250,205.92
21,"São Paulo",0063599,600,207.81
27,Pernambuco,0063599,600,218.09
21,"São Paulo",0063600,300,301.01
27,Pernambuco,0063600,300,162.61
21,"São Paulo",0063601,250,189.9
27,Pernambuco,0063601,250,174.6
27,Pernambuco,0063628,500,210.91
21,"São Paulo",0063628,500,206.67
21,"São Paulo",0063629,500,244.5
27,Pernambuco,0063629,500,205.94
27,Pernambuco,0063630,500,228.2
21,"São Paulo",0063630,500,261.66
21,"São Paulo",0063631,500,211.48
27,Pernambuco,0063631,500,229.38
21,"São Paulo",0063632,500,265.06
27,Pernambuco,0063632,500,200.19
27,Pernambuco,0063633,500,223.21
21,"São Paulo",0063633,500,210.14
21,"São Paulo",0063634,500,202.76
27,Pernambuco,0063634,500,194.02
27,Pernambuco,0063635,500,200.12
21,"São Paulo",0063635,500,236.75
27,Pernambuco,0063636,500,212.15
21,"São Paulo",0063636,500,244.39
27,Pernambuco,0063637,500,202.38
21,"São Paulo",0063637,500,228.59
27,Pernambuco,0063638,500,205.44
21,"São Paulo",0063638,500,223.09
27,Pernambuco,0063639,500,183.77
21,"São Paulo",0063639,500,222.7
21,"São Paulo",0063640,500,281.96
27,Pernambuco,0063640,500,202.53
27,Pernambuco,0063641,500,199.56
21,"São Paulo",0063641,500,214.17
27,Pernambuco,0063642,500,182.32
21,"São Paulo",0063642,500,243.52
21,"São Paulo",0063643,500,300.04
27,Pernambuco,0063643,500,187.81
21,"São Paulo",0063644,500,196.18
27,Pernambuco,0063644,500,202.55
27,Pernambuco,0063645,500,168.64
21,"São Paulo",0063645,500,197.69
21,"São Paulo",0063646,500,212.21
27,Pernambuco,0063646,500,195.69
21,"São Paulo",0063647,500,262.77
27,Pernambuco,0063647,500,233.55
21,"São Paulo",0063648,500,274.38
27,Pernambuco,0063648,500,205.98
27,Pernambuco,0063649,500,199.05
21,"São Paulo",0063649,500,260.58
27,Pernambuco,0063650,500,182.98
21,"São Paulo",0063650,500,220.15
21,"São Paulo",0063651,500,209.6
27,Pernambuco,0063651,500,157.32
27,Pernambuco,0063652,500,185.47
21,"São Paulo",0063652,500,212.7
21,"São Paulo",0063653,500,222.21
27,Pernambuco,0063653,500,164.5
21,"São Paulo",0063654,500,191.34
27,Pernambuco,0063654,500,190.83
21,"São Paulo",0063655,500,211.06
27,Pernambuco,0063655,500,182.16
27,Pernambuco,0063656,500,214.65
21,"São Paulo",0063656,500,210.02
27,Pernambuco,0063657,500,189.63
21,"São Paulo",0063657,500,304.49
27,Pernambuco,0063658,600,194.51
21,"São Paulo",0063658,600,200.67
21,"São Paulo",0063659,500,247.84
27,Pernambuco,0063659,500,165.22
27,Pernambuco,0063660,500,176.49
21,"São Paulo",0063660,500,198.55
27,Pernambuco,0063661,500,168.37
21,"São Paulo",0063661,500,204.65
21,"São Paulo",0063662,500,290.08
27,Pernambuco,0063662,500,167.87
21,"São Paulo",0063663,500,178.6
27,Pernambuco,0063663,500,173.06
21,"São Paulo",0063664,500,188.66
27,Pernambuco,0063664,500,214.57
27,Pernambuco,0063665,500,180.33
21,"São Paulo",0063665,500,198.97
27,Pernambuco,0063666,500,184.79
21,"São Paulo",0063666,500,211.63
21,"São Paulo",0063667,500,240.08
27,Pernambuco,0063667,500,229.01
27,Pernambuco,0063668,500,190.19
21,"São Paulo",0063668,500,196.82
27,Pernambuco,0063669,500,161.44
21,"São Paulo",0063669,500,187.98
27,Pernambuco,0063670,500,172.2
21,"São Paulo",0063670,500,207.48
21,"São Paulo",0063671,500,178.87
27,Pernambuco,0063671,500,193.93
27,Pernambuco,0063672,500,183.9
21,"São Paulo",0063672,500,209.69
27,Pernambuco,0063673,500,169.01
21,"São Paulo",0063673,500,196.72
27,Pernambuco,0063674,500,198.12
21,"São Paulo",0063674,500,242.71
21,"São Paulo",0063675,500,260.78
27,Pernambuco,0063675,500,210.46
27,Pernambuco,0063676,500,183.19
21,"São Paulo",0063676,500,226.8
21,"São Paulo",0063677,500,188.87
27,Pernambuco,0063677,500,161.91
21,"São Paulo",0063678,500,236.89
27,Pernambuco,0063678,500,180.02
21,"São Paulo",0063679,500,214.14
27,Pernambuco,0063679,500,207.04
27,Pernambuco,0063680,500,221.13
21,"São Paulo",0063680,500,205.59
27,Pernambuco,0063681,500,191.39
21,"São Paulo",0063681,500,195.9
21,"São Paulo",0063682,500,188.42
27,Pernambuco,0063682,500,176.85
21,"São Paulo",0063683,400,300.4
27,Pernambuco,0063683,400,191.18
21,"São Paulo",0063684,400,245.95
27,Pernambuco,0063684,400,210.31
21,"São Paulo",0063685,400,231.3
27,Pernambuco,0063685,400,189.59
27,Pernambuco,0063686,400,196.15
21,"São Paulo",0063686,400,219.8
21,"São Paulo",0063687,400,215.9
27,Pernambuco,0063687,400,200.25
21,"São Paulo",0063688,400,217.3
27,Pernambuco,0063688,400,200.48
27,Pernambuco,0063689,400,275.82
21,"São Paulo",0063689,400,211.5
21,"São Paulo",0063694,250,250
21,"São Paulo",0063798,500,0
21,"São Paulo",0063802,500,0
21,"São Paulo",0064124,300,244.6
21,"São Paulo",0064125,300,247.9
21,"São Paulo",0064126,300,269.4
21,"São Paulo",0064127,300,248
21,"São Paulo",0064128,300,235.9
21,"São Paulo",0064129,300,280.1
27,Pernambuco,0064130,300,64.98
21,"São Paulo",0064130,300,244.19
21,"São Paulo",0064131,300,246.97
21,"São Paulo",0064132,300,248.2
21,"São Paulo",0064143,300,273.3
21,"São Paulo",0064144,300,221.3
21,"São Paulo",0064145,300,260.4
21,"São Paulo",0064146,600,252.9
21,"São Paulo",0064147,300,264.8
27,Pernambuco,0064148,600,168.54
21,"São Paulo",0064148,600,254.8
21,"São Paulo",0064149,300,240.6
21,"São Paulo",0064150,300,244
21,"São Paulo",0064151,300,240.15
21,"São Paulo",0064152,300,218.5
27,Pernambuco,0064152,300,226.31
21,"São Paulo",0064153,300,237.5
21,"São Paulo",0064154,300,257.58
21,"São Paulo",0064155,300,264
21,"São Paulo",0064156,500,259.1
21,"São Paulo",0064157,300,243.2
21,"São Paulo",0064158,300,275.3
21,"São Paulo",0064159,300,271.5
21,"São Paulo",0064160,300,253.41
27,Pernambuco,0064161,300,70.92
21,"São Paulo",0064161,300,249.1
21,"São Paulo",0064162,300,243.3
21,"São Paulo",0064163,300,267.8
21,"São Paulo",0064213,600,213.1
27,Pernambuco,0064213,600,155.74
21,"São Paulo",0064214,600,184.85
27,Pernambuco,0064231,600,97.93
21,"São Paulo",0064231,600,258.33
21,"São Paulo",0064236,600,218
21,"São Paulo",0064237,600,245.3
21,"São Paulo",0064249,600,208.3
21,"São Paulo",0064253,300,289.5
21,"São Paulo",0064261,600,205.7
27,Pernambuco,0064261,600,44.88
21,"São Paulo",0064262,600,287.5
21,"São Paulo",0064263,600,273.7
21,"São Paulo",0064264,600,245.08
21,"São Paulo",0064265,600,156.9
21,"São Paulo",0064266,600,270.3
27,Pernambuco,0064267,600,240.47
21,"São Paulo",0064267,600,240.46
21,"São Paulo",0064268,600,255.1
27,Pernambuco,0064268,600,0
21,"São Paulo",0064270,600,194.63
27,Pernambuco,0064270,600,189.77
21,"São Paulo",0064273,300,235.8
21,"São Paulo",0064275,350,232.33
27,Pernambuco,0064275,350,216.85
21,"São Paulo",0064277,350,237.9
27,Pernambuco,0064293,400,48.37
21,"São Paulo",0064293,400,256.3
21,"São Paulo",0064294,400,198.9
21,"São Paulo",0064295,400,272.8
21,"São Paulo",0064296,400,229.7
21,"São Paulo",0064299,400,264
21,"São Paulo",0064300,400,201.5
21,"São Paulo",0064301,400,225.7
21,"São Paulo",0064302,400,289.6
21,"São Paulo",0064303,400,207.2
27,Pernambuco,0064303,400,0
21,"São Paulo",0064304,300,264.3
27,Pernambuco,0064315,600,196.01
21,"São Paulo",0064315,600,263.78
21,"São Paulo",0064317,600,236.91
21,"São Paulo",0064318,600,229.1
21,"São Paulo",0064319,600,222.3
27,Pernambuco,0064320,600,0
21,"São Paulo",0064320,600,220.3
21,"São Paulo",0064321,600,207.6
21,"São Paulo",0064323,600,238.64
21,"São Paulo",0064338,600,222.1
27,Pernambuco,0064338,600,0
21,"São Paulo",0064339,600,207.6
21,"São Paulo",0064344,600,233.7
27,Pernambuco,0064344,600,101.76
21,"São Paulo",0064345,600,250.1
21,"São Paulo",0064346,600,275.1
21,"São Paulo",0064364,600,229.5
21,"São Paulo",0064383,500,282.6
27,Pernambuco,0064384,500,221.33
21,"São Paulo",0064384,500,284.32
21,"São Paulo",0064385,500,231.06
21,"São Paulo",0064386,500,274.5
21,"São Paulo",0064387,500,247.3
21,"São Paulo",0064388,500,259.8
21,"São Paulo",0064389,500,258.8
21,"São Paulo",0064390,500,219.92
27,Pernambuco,0064390,500,217.33
21,"São Paulo",0064391,500,227.7
21,"São Paulo",0064392,500,204.8
21,"São Paulo",0064393,500,286.5
21,"São Paulo",0064394,500,241.6
21,"São Paulo",0064395,500,301.32
27,Pernambuco,0064395,500,185.88
21,"São Paulo",0064396,500,243.1
21,"São Paulo",0064397,500,268.9
21,"São Paulo",0064398,500,263.4
21,"São Paulo",0064399,500,266
21,"São Paulo",0064400,500,238.9
21,"São Paulo",0064411,500,242.2
27,Pernambuco,0064411,500,4.06
21,"São Paulo",0064412,500,220.4
21,"São Paulo",0064413,500,214.4
21,"São Paulo",0064414,500,228.5
21,"São Paulo",0064415,500,231.8
21,"São Paulo",0064416,500,215.9
21,"São Paulo",0064417,500,218.18
21,"São Paulo",0064418,500,264.8
21,"São Paulo",0064419,500,238.9
21,"São Paulo",0064420,500,214
21,"São Paulo",0064421,500,235.8
21,"São Paulo",0064422,500,248.3
21,"São Paulo",0064423,500,215.6
21,"São Paulo",0064424,500,217.6
21,"São Paulo",0064425,600,230.9
27,Pernambuco,0064426,250,147.32
21,"São Paulo",0064426,250,222
21,"São Paulo",0064427,500,209.3
21,"São Paulo",0064428,250,203.2
21,"São Paulo",0064429,500,240.5
21,"São Paulo",0064430,500,235.6
21,"São Paulo",0064431,600,227.56
27,Pernambuco,0064431,600,188.55
27,Pernambuco,0064433,600,179.67
21,"São Paulo",0064433,600,271.43
27,Pernambuco,0064434,600,173.17
21,"São Paulo",0064434,600,332.15
21,"São Paulo",0064435,600,202.36
27,Pernambuco,0064435,600,165.85
27,Pernambuco,0064436,600,159.9
21,"São Paulo",0064436,600,231.03
27,Pernambuco,0064437,600,181.66
21,"São Paulo",0064437,600,203.95
27,Pernambuco,0064438,600,169.98
21,"São Paulo",0064438,600,206.37
21,"São Paulo",0064439,600,181.44
21,"São Paulo",0064440,600,189.2
27,Pernambuco,0064440,600,209.63
21,"São Paulo",0064441,500,248.6
27,Pernambuco,0064442,500,0
21,"São Paulo",0064442,500,256.82
21,"São Paulo",0064443,500,261.6
27,Pernambuco,0064443,500,0
27,Pernambuco,0064444,500,0
21,"São Paulo",0064444,500,208.1
21,"São Paulo",0064445,500,228.9
27,Pernambuco,0064445,500,52.27
21,"São Paulo",0064451,500,234.4
21,"São Paulo",0064452,500,295.4
27,Pernambuco,0064452,500,0
21,"São Paulo",0064454,500,240.5
21,"São Paulo",0064455,500,243
27,Pernambuco,0064456,500,207.18
21,"São Paulo",0064456,500,234.59
21,"São Paulo",0064457,500,213.25
27,Pernambuco,0064457,500,186.96
21,"São Paulo",0064458,500,223.05
27,Pernambuco,0064458,500,214.55
21,"São Paulo",0064459,500,257.9
21,"São Paulo",0064460,500,235.6
21,"São Paulo",0064461,500,199.3
21,"São Paulo",0064462,500,226.9
21,"São Paulo",0064463,500,226.9
21,"São Paulo",0064464,500,278.3
21,"São Paulo",0064465,500,284.17
27,Pernambuco,0064465,500,191.29
21,"São Paulo",0064466,500,226.1
21,"São Paulo",0064467,500,248.5
27,Pernambuco,0064467,500,92.26
21,"São Paulo",0064468,500,213.26
21,"São Paulo",0064469,500,244.9
21,"São Paulo",0064470,500,271.9
21,"São Paulo",0064472,500,229.3
21,"São Paulo",0064473,500,245.2
21,"São Paulo",0064474,500,246.3
21,"São Paulo",0064475,500,285
21,"São Paulo",0064476,500,266.7
21,"São Paulo",0064477,500,260.6
21,"São Paulo",0064480,500,270.32
21,"São Paulo",0064481,500,252.35
21,"São Paulo",0064482,500,253.5
21,"São Paulo",0064483,500,233.7
21,"São Paulo",0064484,500,247
21,"São Paulo",0064485,500,273.3
21,"São Paulo",0064486,500,216.2
21,"São Paulo",0064487,500,231.9
21,"São Paulo",0064488,500,252.9
27,Pernambuco,0064488,500,201.78
21,"São Paulo",0064604,600,262.5
21,"São Paulo",0064605,600,176.14
21,"São Paulo",0064606,600,206.8
27,Pernambuco,0064606,600,120.27
27,Pernambuco,0064608,600,102.63
21,"São Paulo",0064608,600,189.77
27,Pernambuco,0064609,600,109.4
21,"São Paulo",0064609,600,174.24
21,"São Paulo",0064610,600,226.52
27,Pernambuco,0064610,600,40.12
21,"São Paulo",0064611,600,289.03
27,Pernambuco,0064611,600,103.5
21,"São Paulo",0064612,600,203.41
21,"São Paulo",0064613,500,276.98
21,"São Paulo",0064614,500,230.8
21,"São Paulo",0064615,500,250.32
21,"São Paulo",0064616,500,286.3
21,"São Paulo",0064617,500,295.7
21,"São Paulo",0064618,500,260.58
21,"São Paulo",0064619,500,221.5
27,Pernambuco,0064620,500,0
21,"São Paulo",0064620,500,228.9
21,"São Paulo",0064621,500,235.5
21,"São Paulo",0064622,500,247.6
21,"São Paulo",0064623,500,206.9
21,"São Paulo",0064624,500,225.7
21,"São Paulo",0064625,500,241.9
27,Pernambuco,0064625,500,89.05
21,"São Paulo",0064626,500,246.21
27,Pernambuco,0064626,500,216.7
21,"São Paulo",0064627,500,280.3
21,"São Paulo",0064644,250,0
21,"São Paulo",0064842,500,88.4
21,"São Paulo",0064843,500,168.2
21,"São Paulo",0064844,500,83
21,"São Paulo",0064845,300,84.3
21,"São Paulo",0064846,300,216.3
21,"São Paulo",1064607,600,0
21,"São Paulo",63000,500,150.12
27,Pernambuco,63000,500,19.98
